source	target
SAMD11	LINC02593
SAMD11	237
LINC02593	237
237	SAMD11
237	LINC02593
CPLANE2	HSPB7
CPLANE2	CLCNKA
HSPB7	CLCNKA
FAM131C2P	CLCNKB
FAM131C2P	HSPB7
FAM131C2P	CLCNKA
CLCNKB	HSPB7
CLCNKB	CLCNKA
3464	FAM131C
DDI2	3464
FAM131C	3464
HSPB7	CPLANE2
CLCNKA	CPLANE2
SMPDL3B	RPA2
RPA2	SMPDL3B
NKAIN1	FABP3
TFAP2E	7847
CLIP3	MAP7D1
CLIP3	TRAPPC3
MAP7D1	TRAPPC3
9034	ZFP69
FNBP1L	MTF2
COA6	COA6-AS1
COA6	CCDC18
COA6	TMED5
COA6-AS1	CCDC18
COA6-AS1	TMED5
CCDC18	TMED5
FNBP1L	CCDC18
FNBP1L	TMED5
FNBP1L	BCAR3-AS1
FNBP1L	BCAR3
BCAR3-AS1	BCAR3
FNBP1L	MIR760
BCAR3	MIR760
FNBP1L	DNTTIP2
SORT1	CELSR2
ATXN7L2	CELSR2
PSMA5	CELSR2
GNAI3	CELSR2
SYPL2	CELSR2
CELSR2	ATXN7L2
GSTM4	GPR61
GSTM4	GNAI3
EPS8L3	GSTM4
GPR61	GSTM4
GSTM4	GSTM3
GSTM4	EPS8L3
GSTM4	CSF1
RHOC	PPM1J
RHOC	PPM1J-DT
RHOC	CTTNBP2NL
PPM1J	PPM1J-DT
PPM1J	CTTNBP2NL
PPM1J-DT	CTTNBP2NL
MOV10	CTTNBP2NL
ST7L	CTTNBP2NL
RNU7-70P	CTTNBP2NL
LRIG2	LRIG2-DT
LRIG2	CTTNBP2NL
LRIG2-DT	CTTNBP2NL
WNT2B	CTTNBP2NL
CTTNBP2NL	WNT2B
CTTNBP2NL	ST7L
CTTNBP2NL	RHOC
CTTNBP2NL	PPM1J
CTTNBP2NL	PPM1J-DT
CIART	MRPS21
CIART	CA14
MRPS21	CA14
APH1A	C1orf54
APH1A	CA14
C1orf54	CA14
TARS2	CA14
CIART	APH1A
CIART	C1orf54
MRPS21	APH1A
MRPS21	C1orf54
APH1A	CIART
APH1A	MRPS21
C1orf54	CIART
C1orf54	MRPS21
CA14	CIART
CA14	MRPS21
36314	CIART
36314	MRPS21
TARS2	CIART
TARS2	MRPS21
GABPB2	CDC42SE1
GABPB2	PSMD4
CDC42SE1	PSMD4
SNAPIN	CHTOP
SNAPIN	S100A1
SNAPIN	S100A13
CHTOP	S100A1
CHTOP	S100A13
S100A1	S100A13
SNAPIN	37167
MIR6737	CRTC2
MIR6737	SNAPIN
CRTC2	SNAPIN
SLC20A1	SLC20A1-DT
SLC20A1	SNAPIN
SLC20A1-DT	SNAPIN
37167	SNAPIN
CHTOP	SNAPIN
S100A1	SNAPIN
S100A13	SNAPIN
MIR6737	NPR1
CRTC2	NPR1
MIR6737	37180
CRTC2	37180
SNAPIN	37180
MIR6737	SLC27A3
MIR6737	INTS3
CRTC2	SLC27A3
CRTC2	INTS3
SLC27A3	INTS3
MIR6737	GATAD2B
CRTC2	GATAD2B
MIR6737	DENND4B
CRTC2	DENND4B
RPS27	RAB13
RPS27	MIR6737
RPS27	CRTC2
RAB13	MIR6737
RAB13	CRTC2
SLC27A3	MIR6737
SLC27A3	CRTC2
INTS3	MIR6737
INTS3	CRTC2
CREB3L4	SLC39A1
CREB3L4	MIR6737
CREB3L4	CRTC2
SLC39A1	MIR6737
SLC39A1	CRTC2
NPR1	MIR6737
NPR1	CRTC2
SNAPIN	MIR6737
SNAPIN	CRTC2
DENND4B	MIR6737
DENND4B	CRTC2
GATAD2B	MIR6737
GATAD2B	CRTC2
MIR6737	CREB3L4
MIR6737	SLC39A1
CRTC2	CREB3L4
CRTC2	SLC39A1
SNAPIN	CREB3L4
SNAPIN	SLC39A1
MIR6737	JTB
MIR6737	JTB-DT
CRTC2	JTB
CRTC2	JTB-DT
JTB	CREB3L4
JTB	JTB-DT
CREB3L4	JTB-DT
SNAPIN	RPS27
SNAPIN	RAB13
KRTCAP2	TRIM46
KRTCAP2	EFNA4
TRIM46	EFNA4
KRTCAP2	SLC50A1
TRIM46	SLC50A1
DPM3	HMGN2P18
DPM3	KRTCAP2
DPM3	TRIM46
HMGN2P18	KRTCAP2
HMGN2P18	TRIM46
LRRC71	PEAR1
LRRC71	METTL25B
LRRC71	ISG20L2
PEAR1	METTL25B
PEAR1	ISG20L2
METTL25B	ISG20L2
ARHGEF11	LRRC71
ARHGEF11	PEAR1
METTL25B	LRRC71
METTL25B	PEAR1
ISG20L2	LRRC71
ISG20L2	PEAR1
NTRK1	SH2D2A
NTRK1	LRRC71
NTRK1	PEAR1
SH2D2A	LRRC71
SH2D2A	PEAR1
PEAR1	LRRC71
CFAP126	PPOX
CFAP126	B4GALT3
PPOX	B4GALT3
CFAP126	NDUFS2
CFAP126	ADAMTS4
NDUFS2	ADAMTS4
CFAP126	FCER1G
FCER1G	NDUFS2
CFAP126	APOA2
CFAP126	NR1I3
CFAP126	TOMM40L
CFAP126	MIR5187
NR1I3	TOMM40L
NR1I3	MIR5187
TOMM40L	MIR5187
CFAP126	MPZ
CFAP126	SDHC
NR1I3	CFAP126
TOMM40L	CFAP126
MIR5187	CFAP126
NDUFS2	CFAP126
ADAMTS4	CFAP126
FCER1G	CFAP126
APOA2	CFAP126
PPOX	CFAP126
B4GALT3	CFAP126
DHX9	DHX9-AS1
DHX9	TEDDM1
DHX9-AS1	TEDDM1
ZNF648	TEDDM1
MIXL1	RGS8
RNU6-960P	MIXL1
RGS8	MIXL1
MIXL1	58807
MIXL1	LIN9
COA6	COG2
COA6-AS1	COG2
CCDC18	COA6
CCDC18	COA6-AS1
TMED5	COA6
TMED5	COA6-AS1
COA6	TBCE
COA6	ARID4B
COA6	GGPS1
COA6-AS1	TBCE
COA6-AS1	ARID4B
COA6-AS1	GGPS1
TBCE	ARID4B
TBCE	GGPS1
ARID4B	GGPS1
94136	RNU6-535P
COMMD3	COMMD3-BMI1
COMMD3	MIR1915HG
COMMD3	MIR1915
COMMD3-BMI1	MIR1915HG
COMMD3-BMI1	MIR1915
MIR1915HG	MIR1915
MIR1915HG	COMMD3
MIR1915HG	COMMD3-BMI1
MIR1915	COMMD3
MIR1915	COMMD3-BMI1
DNAJB12	86361
CDC42EP1	PLAU
PRXL2A	TSPAN14
RPS15	DAZAP1
RPS15	MARVELD1
DAZAP1	MARVELD1
RNH1	SCGB1C1
RNH1	ODF3
SCGB1C1	ODF3
RNH1	RIC8A
RNH1	BET1L
RNH1	MIR6743
RIC8A	BET1L
RIC8A	MIR6743
BET1L	MIR6743
SCGB1C1	RNH1
ODF3	RNH1
MIR483	IFITM10
TNNT3	LINC01150
TNNT3	LSP1
TNNT3	MIR7847
TNNT3	PRR33
LINC01150	LSP1
LINC01150	MIR7847
LINC01150	PRR33
LSP1	MIR7847
LSP1	PRR33
MIR7847	PRR33
MRPL23	TNNT3
LINC01150	TNNT3
LSP1	TNNT3
MIR7847	TNNT3
PRR33	TNNT3
TSSC4	IGF2
TSSC4	INS
TSSC4	INS-IGF2
IGF2	INS
IGF2	INS-IGF2
INS	INS-IGF2
TSSC4	TH
TSSC4	MIR4686
TH	MIR4686
TH	TSSC4
MIR4686	TSSC4
CDKN1C	SLC22A18AS
CDKN1C	TSSC4
SLC22A18AS	TSSC4
OR52N4	104804
104804	104857
104804	OR52N4
104804	OR52E4
DKK3	106888
MICAL2	106888
113298	113269
113269	113298
RN7SL605P	TIMM10
RN7SL605P	TNKS1BP1
TIMM10	TNKS1BP1
RN7SL605P	120687
TIMM10	120687
RN7SL605P	120688
TIMM10	120688
RN7SL605P	SSRP1
RN7SL605P	P2RX3
TIMM10	SSRP1
TIMM10	P2RX3
SSRP1	P2RX3
RN7SL605P	SLC43A3
TIMM10	SLC43A3
RN7SL605P	RTN4RL2
RN7SL605P	RN7SKP259
TIMM10	RTN4RL2
TIMM10	RN7SKP259
RTN4RL2	RN7SKP259
RN7SL605P	SLC43A1
TIMM10	SLC43A1
MED19	TMX2
MED19	RN7SL605P
MED19	TIMM10
TMX2	RN7SL605P
TMX2	TIMM10
CLP1	YPEL4
CLP1	MIR130AHG
CLP1	RN7SL605P
CLP1	TIMM10
YPEL4	MIR130AHG
YPEL4	RN7SL605P
YPEL4	TIMM10
MIR130AHG	RN7SL605P
MIR130AHG	TIMM10
SLC43A3	RN7SL605P
SLC43A3	TIMM10
ZDHHC5	RN7SL605P
ZDHHC5	TIMM10
120687	RN7SL605P
120687	TIMM10
RTN4RL2	RN7SL605P
RTN4RL2	TIMM10
RN7SKP259	RN7SL605P
RN7SKP259	TIMM10
SSRP1	RN7SL605P
SSRP1	TIMM10
P2RX3	RN7SL605P
P2RX3	TIMM10
SMTNL1	RN7SL605P
SMTNL1	TIMM10
MIR130A	RN7SL605P
MIR130A	TIMM10
TNKS1BP1	RN7SL605P
TNKS1BP1	TIMM10
120723	RN7SL605P
120723	TIMM10
PRG3	RN7SL605P
PRG3	TIMM10
120788	RN7SL605P
120788	TIMM10
120688	RN7SL605P
120688	TIMM10
RN7SL605P	SERPING1
TIMM10	SERPING1
RN7SL605P	MIR130A
TIMM10	MIR130A
RN7SL605P	CLP1
RN7SL605P	YPEL4
RN7SL605P	MIR130AHG
TIMM10	CLP1
TIMM10	YPEL4
TIMM10	MIR130AHG
RN7SL605P	ZDHHC5
TIMM10	ZDHHC5
RN7SL605P	MED19
RN7SL605P	TMX2
TIMM10	MED19
TIMM10	TMX2
RN7SL605P	120788
TIMM10	120788
NRXN2	MIR1237
NRXN2	SLC22A11
SLC22A11	NRXN2
MIR1237	NRXN2
NAALADL1	NRXN2
POLA2	TM7SF2
POLA2	VPS51
TM7SF2	VPS51
SCYL1	POLA2
TM7SF2	POLA2
VPS51	POLA2
VPS51	TMEM262
VPS51	ZFPL1
TMEM262	ZFPL1
TMEM262	POLA2
ZFPL1	POLA2
CDC42EP2	POLA2
POLA2	DPF2
POLA2	TIGD3
KCTD14	INTS4
KCTD14	125423
125423	KCTD14
125427	125430
125533	KCTD14
KCTD14	125436
KCTD14	125533
NARS2	125533
SIK3	APOA1-AS
SIK3	APOC3
SIK3	APOA4
APOA1-AS	APOC3
APOA1-AS	APOA4
APOC3	APOA4
APOA1-AS	SIK3
APOC3	SIK3
APOA4	SIK3
APOA1-AS	PAFAH1B2
APOC3	PAFAH1B2
APOA4	PAFAH1B2
FXYD6	FXYD6-FXYD2
FXYD6	FXYD2
FXYD6	FXYD6-AS1
FXYD6-FXYD2	FXYD2
FXYD6-FXYD2	FXYD6-AS1
FXYD2	FXYD6-AS1
SNORD14D	HSPA8
SNORD14D	FXYD6
SNORD14D	FXYD6-FXYD2
HSPA8	FXYD6
HSPA8	FXYD6-FXYD2
FXYD6	TMPRSS13
FXYD6-FXYD2	TMPRSS13
FXYD6	SNORD14D
FXYD6	HSPA8
FXYD6-FXYD2	SNORD14D
FXYD6-FXYD2	HSPA8
OR8A1	OR8X1P
OR8A1	OR8B3
OR8X1P	OR8B3
OR8X1P	139860
OR8B3	139860
OR8X1P	OR8A1
OR8B3	OR8A1
139949	HEPACAM
SNX19	ADAMTS8
LINC02551	ADAMTS8
ADAMTS8	LINC02551
ADAMTS8	SNX19
ITFG2	TEX52
ITFG2	RHNO1
ITFG2	FOXM1
ITFG2	TULP3
TEX52	RHNO1
TEX52	FOXM1
TEX52	TULP3
RHNO1	FOXM1
RHNO1	TULP3
FOXM1	TULP3
EMP1	MIR614
EMP1	146616
EMP1	HTR7P1
EMP1	HEBP1
HTR7P1	HEBP1
EMP1	GSG1
HTR7P1	EMP1
HEBP1	EMP1
GSG1	EMP1
146616	EMP1
KRT79	KRT78
KRT79	KRT75
KRT78	KRT75
KRT79	KRT4
KRT78	KRT4
PFDN5	ITGB7
PFDN5	RARG
PFDN5	MFSD5
TARBP2	NPFF
TARBP2	PFDN5
NPFF	PFDN5
CSAD	ZNF740
CSAD	PFDN5
ZNF740	PFDN5
MAP3K12	PFDN5
RARG	PFDN5
AMHR2	PFDN5
SPRYD3	PFDN5
AAAS	PFDN5
MFSD5	PFDN5
ITGB7	PFDN5
PFDN5	AAAS
PFDN5	SP7
PFDN5	AMHR2
PFDN5	MAP3K12
PFDN5	TARBP2
PFDN5	NPFF
RNU6-950P	SCAT2
RNU6-950P	NFE2
RNU6-950P	COPZ1
NFE2	COPZ1
HNRNPA1	CBX5
HNRNPA1	RNU6-950P
CBX5	RNU6-950P
NFE2	RNU6-950P
COPZ1	RNU6-950P
SCAT2	RNU6-950P
MIR148B	RNU6-950P
OS9	SLC26A10
OS9	DTX3
OS9	ARHGEF25
OS9	PIP4K2C
SLC26A10	DTX3
SLC26A10	ARHGEF25
SLC26A10	PIP4K2C
DTX3	ARHGEF25
DTX3	PIP4K2C
ARHGEF25	PIP4K2C
B4GALNT1	SLC26A10
B4GALNT1	DTX3
B4GALNT1	ARHGEF25
B4GALNT1	PIP4K2C
AGAP2	SLC26A10
AGAP2	DTX3
AGAP2	ARHGEF25
AGAP2	PIP4K2C
161463	SLC26A10
161463	DTX3
161463	ARHGEF25
161463	PIP4K2C
SLC26A10	B4GALNT1
DTX3	B4GALNT1
ARHGEF25	B4GALNT1
PIP4K2C	B4GALNT1
CDK17	LTA4H
ELK3	LTA4H
CFAP54	LTA4H
LTA4H	ELK3
LTA4H	CDK17
LTA4H	CFAP54
177949	RNU7-169P
RNU7-169P	177949
RN7SL491P	VPS33A
FZD10-AS1	FZD10
FZD10-AS1	PIWIL1
FZD10	PIWIL1
CCNA1	189656
DDX27	ALG5
DDX27	EXOSC8
ALG5	EXOSC8
DGKH	RNU6-74P
DGKH	VWA8
DGKH	VWA8-AS1
VWA8	VWA8-AS1
RNU6-66P	201156
SOX1-OT	SOX1
SOX1-OT	213177
SOX1	213177
213177	SOX1-OT
213177	SOX1
OR10G1P	UBE2NP1
OR10G1P	214857
UBE2NP1	214857
CHD8	SNORD8
CHD8	SNORD9
CHD8	HNRNPC
SNORD8	SNORD9
SNORD8	HNRNPC
SNORD9	HNRNPC
SUPT16H	HNRNPC
HNRNPC	SUPT16H
HNRNPC	CHD8
HNRNPC	SNORD8
HNRNPC	SNORD9
HNRNPC	METTL3
OR10G1P	SALL2
UBE2NP1	SALL2
OR10G1P	OR10G2
UBE2NP1	OR10G2
OR10G1P	214972
UBE2NP1	214972
AJUBA	AJUBA-DT
AJUBA	LINC02332
AJUBA-DT	LINC02332
CDH24	ACIN1
CDH24	AJUBA
CDH24	AJUBA-DT
ACIN1	AJUBA
ACIN1	AJUBA-DT
LINC02332	AJUBA
LINC02332	AJUBA-DT
MIR4707	HAUS4
MIR4707	AJUBA
MIR4707	AJUBA-DT
HAUS4	AJUBA
HAUS4	AJUBA-DT
AJUBA	CDH24
AJUBA	ACIN1
AJUBA-DT	CDH24
AJUBA-DT	ACIN1
AJUBA	C14orf119
AJUBA-DT	C14orf119
ACIN1	C14orf119
PABPN1	BCL2L2
PABPN1	BCL2L2-PABPN1
BCL2L2	BCL2L2-PABPN1
RNU6-398P	SIX4
ESRRB	GPATCH2L
SCARNA13	GLRX5
SCARNA13	SYNE3
GLRX5	SYNE3
CYP46A1	EML1
RNU1-47P	EML1
EML1	RNU1-47P
DIO3OS	DIO3
DIO3OS	MIR1247
DIO3OS	MEG8
DIO3OS	RTL1
DIO3	MIR1247
DIO3	MEG8
DIO3	RTL1
MIR1247	MEG8
MIR1247	RTL1
MEG8	RTL1
SNORD114-29	SNORD114-30
SNORD114-29	MEG8
SNORD114-29	RTL1
SNORD114-30	MEG8
SNORD114-30	RTL1
238820	MEG8
238820	RTL1
MEG8	MIR495
MEG8	DIO3OS
MEG8	DIO3
MEG8	MIR1247
RTL1	DIO3OS
RTL1	DIO3
RTL1	MIR1247
MEG8	238820
RTL1	238820
BMF	SRP14-DT
BMF	SRP14
SRP14-DT	SRP14
BUB1B	BMF
SRP14-DT	BMF
SRP14	BMF
BMF	BUB1B
BMF	PAK6
BUB1B	PAK6
PARP16	RNU5A-1
PARP16	SNORA24B
PARP16	CLPX
RNU5A-1	SNORA24B
RNU5A-1	CLPX
SNORA24B	CLPX
PDCD7	RNU5B-1
PDCD7	PARP16
RNU5B-1	PARP16
ISLR2	CCDC33
MIEF1	CCDC33
FAM219B	MIR6882
FAM219B	ULK3
FAM219B	CPLX3
MIR6882	ULK3
MIR6882	CPLX3
ULK3	CPLX3
FAM219B	SCAMP2
ULK3	SCAMP2
MSLN	MSLNL
MSLN	MIR662
MSLN	METRN
MSLNL	MIR662
MSLNL	METRN
MIR662	METRN
CASKIN1	MLST8
CASKIN1	TRAF7
CASKIN1	SLC9A3R2
CASKIN1	RN7SL219P
CASKIN1	ZNF598
CASKIN1	NPW
MLST8	TRAF7
MLST8	SLC9A3R2
MLST8	RN7SL219P
MLST8	ZNF598
MLST8	NPW
TRAF7	SLC9A3R2
TRAF7	RN7SL219P
TRAF7	ZNF598
TRAF7	NPW
SLC9A3R2	RN7SL219P
SLC9A3R2	ZNF598
SLC9A3R2	NPW
RN7SL219P	ZNF598
RN7SL219P	NPW
ZNF598	NPW
PKD1	MIR3180-5
PKD1	SLC9A3R2
PKD1	RN7SL219P
PKD1	ZNF598
PKD1	NPW
MIR3180-5	SLC9A3R2
MIR3180-5	RN7SL219P
MIR3180-5	ZNF598
MIR3180-5	NPW
SNORD60	RAB26
SNORD60	SNHG19
SNORD60	SLC9A3R2
SNORD60	RN7SL219P
SNORD60	ZNF598
SNORD60	NPW
RAB26	SNHG19
RAB26	SLC9A3R2
RAB26	RN7SL219P
RAB26	ZNF598
RAB26	NPW
SNHG19	SLC9A3R2
SNHG19	RN7SL219P
SNHG19	ZNF598
SNHG19	NPW
SLC9A3R2	PKD1
SLC9A3R2	MIR3180-5
RN7SL219P	PKD1
RN7SL219P	MIR3180-5
ZNF598	PKD1
ZNF598	MIR3180-5
NPW	PKD1
NPW	MIR3180-5
SLC9A3R2	SNORD60
SLC9A3R2	RAB26
SLC9A3R2	SNHG19
RN7SL219P	SNORD60
RN7SL219P	RAB26
RN7SL219P	SNHG19
ZNF598	SNORD60
ZNF598	RAB26
ZNF598	SNHG19
NPW	SNORD60
NPW	RAB26
NPW	SNHG19
RPS2	SNORA78
RPS2	SNHG9
RPS2	SNORD60
RPS2	RAB26
RPS2	SNHG19
SNORA78	SNHG9
SNORA78	SNORD60
SNORA78	RAB26
SNORA78	SNHG19
SNHG9	SNORD60
SNHG9	RAB26
SNHG9	SNHG19
SLC9A3R2	TRAF7
RN7SL219P	TRAF7
ZNF598	TRAF7
NPW	TRAF7
RPS2	TRAF7
SNORA78	TRAF7
SNHG9	TRAF7
OR2C1	OR1F1
OR2C1	ZNF200
OR2C1	TIGD7
OR2C1	ZNF75A
TIGD7	ZNF75A
TIGD7	OR2C1
ZNF75A	OR2C1
ZNF200	OR2C1
OR1F1	OR2C1
OR2C1	NAA60
OR2C1	ZNF597
NAA60	ZNF597
SEC14L5	PPL
SEC14L5	CORO7
SEC14L5	PAM16
SEC14L5	CORO7-PAM16
PPL	CORO7
PPL	PAM16
PPL	CORO7-PAM16
CORO7	PAM16
CORO7	CORO7-PAM16
PAM16	CORO7-PAM16
TFAP4	CORO7
TFAP4	PAM16
TFAP4	CORO7-PAM16
RMI2	PRM3
RMI2	TNP2
PRM3	TNP2
ZNF688	ZNF785
ZNF688	SEPTIN1
ZNF785	SEPTIN1
ZNF688	SNORA80C
ZNF785	SNORA80C
ZNF688	SEPHS2
ZNF785	SEPHS2
YPEL3-DT	YPEL3
YPEL3-DT	TBX6
YPEL3-DT	ZNF688
YPEL3-DT	ZNF785
YPEL3	TBX6
YPEL3	ZNF688
YPEL3	ZNF785
TBX6	ZNF688
TBX6	ZNF785
ZNF689	ZNF688
ZNF689	ZNF785
SEPTIN1	ZNF688
SEPTIN1	ZNF785
SEPHS2	ZNF688
SEPHS2	ZNF785
PRR14	ZNF688
PRR14	ZNF785
SNORA80C	ZNF688
SNORA80C	ZNF785
ZNF688	ZNF689
ZNF785	ZNF689
TEPP	PSME3IP1
TEPP	RSPRY1
PSME3IP1	RSPRY1
CPNE2	CPNE2-DT
CPNE2	PSME3IP1
CPNE2	RSPRY1
CPNE2-DT	PSME3IP1
CPNE2-DT	RSPRY1
SLC7A6	RNU6-1262P
SLC7A6	SLC7A6OS
SLC7A6	PRMT7
RNU6-1262P	SLC7A6OS
RNU6-1262P	PRMT7
SLC7A6OS	PRMT7
SLC7A6	RNU4-30P
RNU6-1262P	RNU4-30P
COG8	NIP7
COG8	TMED6
COG8	PDF
NIP7	TMED6
NIP7	PDF
TMED6	PDF
WWP2	COG8
WWP2	NIP7
WWP2	TMED6
PDF	COG8
PDF	NIP7
PDF	TMED6
TIMM22	284444
TIMM22	GLOD4
TIMM22	MRM3
GLOD4	MRM3
NXN	GLOD4
NXN	MRM3
TIMM22	284516
GLOD4	NXN
MRM3	NXN
GLOD4	TIMM22
MRM3	TIMM22
VPS53	TIMM22
284444	TIMM22
284516	TIMM22
CRK	MYO1C
CRK	YWHAE
MYO1C	YWHAE
CRK	INPP5K
MYO1C	INPP5K
CRK	PITPNA-AS1
MYO1C	PITPNA-AS1
INPP5K	PITPNA-AS1
CRK	SLC43A2
MYO1C	SLC43A2
CRK	RPA1
CRK	SMYD4
MYO1C	RPA1
MYO1C	SMYD4
RPA1	SMYD4
AIPL1	NLRP1
NLRP1	AIPL1
AIPL1	ALOX15P1
AIPL1	MED31
AIPL1	C17orf100
AIPL1	MIR4520-1
AIPL1	MIR4520-2
ALOX15P1	MED31
ALOX15P1	C17orf100
ALOX15P1	MIR4520-1
ALOX15P1	MIR4520-2
MED31	C17orf100
MED31	MIR4520-1
MED31	MIR4520-2
C17orf100	MIR4520-1
C17orf100	MIR4520-2
MIR4520-1	MIR4520-2
TNFSF12-TNFSF13	TNFSF12
TNFSF12-TNFSF13	KCTD11
TNFSF12-TNFSF13	ACAP1
TNFSF12	KCTD11
TNFSF12	ACAP1
KCTD11	ACAP1
TNFSF12-TNFSF13	SPEM2
TNFSF12-TNFSF13	SPEM3
TNFSF12-TNFSF13	SPEM1
TNFSF12	SPEM2
TNFSF12	SPEM3
TNFSF12	SPEM1
SPEM2	SPEM3
SPEM2	SPEM1
SPEM3	SPEM1
TNFSF12-TNFSF13	FGF11
TNFSF12-TNFSF13	TMEM102
TNFSF12	FGF11
TNFSF12	TMEM102
FGF11	TMEM102
TNFSF12-TNFSF13	CHRNB1
TNFSF12	CHRNB1
FGF11	TNFSF12-TNFSF13
FGF11	TNFSF12
TMEM102	TNFSF12-TNFSF13
TMEM102	TNFSF12
TMEM256	TMEM256-PLSCR3
TMEM256	NLGN2
TMEM256	TNFSF12-TNFSF13
TMEM256	TNFSF12
TMEM256-PLSCR3	NLGN2
TMEM256-PLSCR3	TNFSF12-TNFSF13
TMEM256-PLSCR3	TNFSF12
NLGN2	TNFSF12-TNFSF13
NLGN2	TNFSF12
ZBTB4	POLR2A
ZBTB4	SLC35G6
ZBTB4	TNFSF12-TNFSF13
ZBTB4	TNFSF12
POLR2A	SLC35G6
POLR2A	TNFSF12-TNFSF13
POLR2A	TNFSF12
SLC35G6	TNFSF12-TNFSF13
SLC35G6	TNFSF12
SPEM2	TNFSF12-TNFSF13
SPEM2	TNFSF12
SPEM3	TNFSF12-TNFSF13
SPEM3	TNFSF12
SPEM1	TNFSF12-TNFSF13
SPEM1	TNFSF12
CHRNB1	TNFSF12-TNFSF13
CHRNB1	TNFSF12
KCTD11	TNFSF12-TNFSF13
KCTD11	TNFSF12
ACAP1	TNFSF12-TNFSF13
ACAP1	TNFSF12
NT5M	MPRIP
KRTAP9-7	297083
KRTAP9-7	297103
KRT10	KRT10-AS1
KRT10	KRT15
KRT10	KRT19
KRT10	MIR6510
KRT10-AS1	KRT15
KRT10-AS1	KRT19
KRT10-AS1	MIR6510
KRT15	KRT19
KRT15	MIR6510
KRT19	MIR6510
PLEKHH3	CCR10
PLEKHH3	CNTNAP1
PLEKHH3	PSMC3IP
CCR10	CNTNAP1
CCR10	PSMC3IP
CNTNAP1	PSMC3IP
PLEKHH3	TUBG1
PLEKHH3	RETREG3
CCR10	TUBG1
CCR10	RETREG3
CNTNAP1	TUBG1
CNTNAP1	RETREG3
TUBG1	RETREG3
CCDC200	TMEM106A
FAM117A	KAT7
FAM117A	SLC35B1
KAT7	SLC35B1
SLC35B1	FAM117A
SLC35B1	KAT7
NXPH3	FAM117A
NXPH3	KAT7
TRIM47	MIR4738
TRIM47	UNK
TRIM47	H3-3B
MIR4738	UNK
MIR4738	H3-3B
UNK	H3-3B
TRIM47	WBP2
TRIM47	TRIM65
TRIM47	306067
RNU6-24P	EXOC7
PIK3C3	MAPRE2
INO80C	MAPRE2
PSTPIP2	RNY4P37
PSTPIP2	EPG5
RNY4P37	EPG5
NDUFS7	RPS15
NDUFS7	DAZAP1
NOP56	SNORD86
NOP56	MIR1292
NOP56	SNORA51
NOP56	SNORD110
NOP56	SNORD56
NOP56	RPS15
NOP56	DAZAP1
SNORD86	MIR1292
SNORD86	SNORA51
SNORD86	SNORD110
SNORD86	SNORD56
SNORD86	RPS15
SNORD86	DAZAP1
MIR1292	SNORA51
MIR1292	SNORD110
MIR1292	SNORD56
MIR1292	RPS15
MIR1292	DAZAP1
SNORA51	SNORD110
SNORA51	SNORD56
SNORA51	RPS15
SNORA51	DAZAP1
SNORD110	SNORD56
SNORD110	RPS15
SNORD110	DAZAP1
SNORD56	RPS15
SNORD56	DAZAP1
MARVELD1	RPS15
MARVELD1	DAZAP1
DAZAP1	GAMT
DAZAP1	RPS15
GAMT	RPS15
APC2	RPS15
APC2	DAZAP1
POU5F1	RPS15
POU5F1	DAZAP1
EFNA2	RPS15P9
EFNA2	RPS15
EFNA2	DAZAP1
RPS15P9	RPS15
RPS15P9	DAZAP1
RPS15	APC2
DAZAP1	APC2
CELF5	TLE6
MLLT1	RFX2
SLC44A2	ATG4D
S1PR5	ATG4D
ATG4D	KRI1
ATG4D	SLC44A2
PRDX2	THSD8
PRDX2	TNPO2
PRDX2	TRIR
PRDX2	GET3
THSD8	TNPO2
THSD8	TRIR
THSD8	GET3
TNPO2	TRIR
TNPO2	GET3
TRIR	GET3
TNPO2	PRDX2
TNPO2	THSD8
TRIR	PRDX2
TRIR	THSD8
GET3	PRDX2
GET3	THSD8
NCOA2	MAST1
RAD23A	CALR
RAD23A	FARSA
RAD23A	MIR6515
RAD23A	MIR5695
RAD23A	SYCE2
CALR	FARSA
CALR	MIR6515
CALR	MIR5695
CALR	SYCE2
FARSA	MIR6515
FARSA	MIR5695
FARSA	SYCE2
MIR6515	MIR5695
MIR6515	SYCE2
MIR5695	SYCE2
MIR5695	RAD23A
MIR5695	CALR
MIR5695	FARSA
MIR5695	MIR6515
SYCE2	RAD23A
SYCE2	CALR
SYCE2	FARSA
SYCE2	MIR6515
ZNF333	ADGRE3
ZNF333	NDUFB7
ADGRE3	NDUFB7
NDUFB7	ZNF333
NDUFB7	ADGRE3
LINC01531	HPN-AS1
USF2	LSR
USF2	FXYD3
LSR	FXYD3
LINC01531	FXYD3
LINC01531	FAM187B
LINC01531	FAM187B2P
FAM187B	FAM187B2P
CLIP3	FAM187B
CLIP3	FAM187B2P
CLIP3	USF2
CLIP3	LSR
HAMP	USF2
HAMP	LSR
FFAR2	USF2
FFAR2	LSR
USF2	HAMP
LSR	HAMP
LINC01531	MAG
RN7SL491P	LINC01531
FAM187B	LINC01531
FAM187B2P	LINC01531
DMKN	RN7SL491P
DMKN	KRTDAP
KRTDAP	RN7SL491P
LINC01531	RN7SL491P
CD22	RN7SL491P
ATP4A	RN7SL491P
VPS33A	RN7SL491P
CLEC11A	RN7SL491P
ZNF780B	RN7SL491P
PRODH2	RN7SL491P
FFAR3	RN7SL491P
FFAR2	RN7SL491P
338003	RN7SL491P
MARK4	EXOC3L2
MARK4	RN7SL491P
EXOC3L2	RN7SL491P
TFF1	TMPRSS3
TFF1	RN7SL491P
TMPRSS3	RN7SL491P
FFAR1	RN7SL491P
LINC01531	338003
RN7SL491P	338003
USF2	FFAR2
LSR	FFAR2
RN7SL491P	FFAR2
LINC01531	FFAR2
LINC01531	DMKN
LINC01531	KRTDAP
RN7SL491P	DMKN
RN7SL491P	KRTDAP
LINC01531	SBSN
USF2	ATP4A
LSR	ATP4A
RN7SL491P	ATP4A
CLIP3	UPK1A-AS1
CLIP3	SDHAF1
MAP7D1	CLIP3
TRAPPC3	CLIP3
WDR62	THAP8
WDR62	CLIP3
THAP8	CLIP3
ALKBH6	CLIP3
ALKBH6	SYNE4
CLIP3	SYNE4
UPK1A-AS1	CLIP3
441306	CLIP3
CLIP3	WDR62
CLIP3	THAP8
KCNK6	CATSPERG
KCNK6	PPP1R14A
CATSPERG	PPP1R14A
KCNK6	SPINT2
CATSPERG	SPINT2
SPINT2	KCNK6
SPINT2	CATSPERG
PPP1R14A	KCNK6
PPP1R14A	CATSPERG
PSMD8	KCNK6
PSMD8	CATSPERG
CATSPERG	KCNK6
KCNK6	PSMD8
CATSPERG	PSMD8
RPS16	SUPT5H
RPS16	PLEKHG2
RPS16	ZFP36
RPS16	MIR4530
SUPT5H	PLEKHG2
SUPT5H	ZFP36
SUPT5H	MIR4530
PLEKHG2	ZFP36
PLEKHG2	MIR4530
ZFP36	MIR4530
PLEKHG2	RPS16
PLEKHG2	SUPT5H
ZFP36	RPS16
ZFP36	SUPT5H
MIR4530	RPS16
MIR4530	SUPT5H
RPS16	TDGF1P7
RPS16	EID2B
SUPT5H	TDGF1P7
SUPT5H	EID2B
TDGF1P7	EID2B
PRX	PLD3
PRX	C19orf47
PLD3	C19orf47
PLD3	PRX
C19orf47	PRX
AKT2	MIR641
AKT2	PRX
MIR641	PRX
PRX	SERTAD3
PRX	SERTAD3-AS1
SERTAD3	SERTAD3-AS1
BCAM	CEACAM19
BCAM	CEACAM16
BCAM	CEACAM16-AS1
CEACAM16-AS1	BCAM
CEACAM16	BCAM
BCAM	APOE
CLASRP	RNU6-611P
CLASRP	RELB
RNU6-611P	RELB
CKM	CLASRP
CKM	RNU6-611P
RELB	RNU6-611P
RN7SL491P	MARK4
RN7SL491P	EXOC3L2
CLASRP	CKM
RNU6-611P	CKM
340785	340794
RN7SL491P	CLEC11A
SHANK1	CLEC11A
SHANK1	GPR32
SIGLEC12	SIGLEC27P
SIGLEC12	340935
SIGLEC27P	340935
SIGLEC12	RPL7P51
SIGLEC12	SIGLEC5
SIGLEC12	SIGLEC14
SIGLEC27P	RPL7P51
SIGLEC27P	SIGLEC5
SIGLEC27P	SIGLEC14
RPL7P51	SIGLEC5
RPL7P51	SIGLEC14
SIGLEC5	SIGLEC14
FCAR	RDH13
FCAR	GP6
RDH13	GP6
NCR1	RDH13
NCR1	GP6
TRIOBP	KHK
TRIOBP	EMILIN1
KHK	EMILIN1
LCLAT1	SNORA10B
C2orf74	C2orf74-DT
C2orf74	PAPOLG
C2orf74-DT	PAPOLG
PUS10	PEX13
PUS10	PAPOLG
PEX13	PAPOLG
REL-DT	REL
REL-DT	PAPOLG
REL	PAPOLG
SANBR	PAPOLG
PAPOLG	SANBR
FIGLA	CLEC4F
DDX27	WBP1
367636	367598
367598	367636
EIF5B	TXNDC9
EIF5B	UNC50
EIF5B	COA5
TXNDC9	UNC50
TXNDC9	COA5
UNC50	COA5
SNAPIN	SLC20A1
SNAPIN	SLC20A1-DT
PROC	MIR4783
PROC	ERCC3
MIR4783	ERCC3
PROC	MAP3K2-DT
PROC	MAP3K2
MIR4783	MAP3K2-DT
MIR4783	MAP3K2
MAP3K2-DT	MAP3K2
MAP3K2-DT	PROC
MAP3K2-DT	MIR4783
MAP3K2	PROC
MAP3K2	MIR4783
PROC	383897
MIR4783	383897
PROC	RNU4-48P
MIR4783	RNU4-48P
UBXN4	386061
RNU6-512P	386061
386061	R3HDM1
386061	UBXN4
ACVR1C	ERMN
CCDC148	PKP4
CCDC148	RN7SL393P
CCDC148	CCDC148-AS1
PKP4	RN7SL393P
PKP4	CCDC148-AS1
RN7SL393P	CCDC148-AS1
398117	DYNC1I2
DYNC1I2	398117
DLX2	DLX2-DT
DLX2	398117
DLX2-DT	398117
DLX1	398117
ORMDL1	PMS1
ORMDL1	403744
PMS1	403744
403746	403744
ANKAR	403744
412219	MREG
SMARCAL1	SMARCAL1-AS1
SMARCAL1	TMEM169
SMARCAL1	PECR
SMARCAL1-AS1	TMEM169
SMARCAL1-AS1	PECR
TMEM169	PECR
SMARCAL1	MARCHF4
SMARCAL1-AS1	MARCHF4
412219	RPL37A
412219	RPL37A-DT
RPL37A	RPL37A-DT
LINC00608	CRYBA2
LINC00608	FEV
LINC00608	CDK5R2
LINC00608	CDK5R2-AS1
CRYBA2	FEV
CRYBA2	CDK5R2
CRYBA2	CDK5R2-AS1
FEV	CDK5R2
FEV	CDK5R2-AS1
CDK5R2	CDK5R2-AS1
CFAP65	LINC00608
CFAP65	CRYBA2
CFAP65	FEV
CDK5R2	LINC00608
CDK5R2	CRYBA2
CDK5R2	FEV
CDK5R2-AS1	LINC00608
CDK5R2-AS1	CRYBA2
CDK5R2-AS1	FEV
GLB1L	STK16
GLB1L	SLC23A3
GLB1L	NHEJ1
STK16	SLC23A3
STK16	NHEJ1
SLC23A3	NHEJ1
GLB1L	CNPPD1
GLB1L	RETREG2
STK16	CNPPD1
STK16	RETREG2
CNPPD1	RETREG2
GLB1L	ANKZF1
GLB1L	ATG9A
STK16	ANKZF1
STK16	ATG9A
ANKZF1	ATG9A
ANKZF1	GLB1L
ANKZF1	STK16
ATG9A	GLB1L
ATG9A	STK16
CNPPD1	GLB1L
CNPPD1	STK16
RETREG2	GLB1L
RETREG2	STK16
SLC23A3	GLB1L
SLC23A3	STK16
NHEJ1	GLB1L
NHEJ1	STK16
ABCB6	ATG9A
ABCB6	GLB1L
ABCB6	STK16
ACSL3	FARSB
FARSB	ACSL3
ATG4B	THAP4
ATG4B	ANO7
THAP4	ANO7
UICLM	ANO7
RPS15	NOP56
RPS15	SNORD86
RPS15	MIR1292
RPS15	SNORA51
RPS15	SNORD110
RPS15	SNORD56
DAZAP1	NOP56
DAZAP1	SNORD86
DAZAP1	MIR1292
DAZAP1	SNORA51
DAZAP1	SNORD110
DAZAP1	SNORD56
DDRGK1	GNRH2
DDRGK1	MRPS26
GNRH2	MRPS26
GNRH2	DDRGK1
MRPS26	DDRGK1
SLC4A11	ITPA
DDRGK1	SLC4A11
DDRGK1	ITPA
ITPA	SLC4A11
424810	SLC24A3
CD80	424810
RNU6ATAC34P	424810
SLC24A3-AS1	424810
SLC24A3	424810
NINL	ZNF337-AS1
NINL	NANP
ZNF337-AS1	NANP
WFDC8	WFDC9
WFDC8	WFDC10A
WFDC9	WFDC10A
DDX27	STAU1
ALG5	DDX27
EXOSC8	DDX27
WBP1	DDX27
DDX27	ZFAS1
DDX27	ZNFX1
DDX27	SNORD12C
ZFAS1	ZNFX1
ZFAS1	SNORD12C
ZNFX1	SNORD12C
GATA5	435464
GATA5	LINC00659
CLIP3	441306
CFAP298	CFAP298-TCP10L
CFAP298	EVA1C
CFAP298-TCP10L	EVA1C
TCP10L	EVA1C
443398	EVA1C
EVA1C	443398
EVA1C	TCP10L
EVA1C	CFAP298
EVA1C	CFAP298-TCP10L
ATP5PO	CRYZL1
ATP5PO	ITSN1
CRYZL1	ITSN1
CRYZL1	ATP5PO
ITSN1	ATP5PO
RN7SL491P	TFF1
RN7SL491P	TMPRSS3
TPST2	HPS4
TPST2	SRRD
HPS4	SRRD
HMOX1	MCM5
HMOX1	MB
MCM5	MB
GGA1	CDC42EP1
CARD10	CDC42EP1
PLAU	CDC42EP1
LGALS2	CDC42EP1
CDC42EP1	GGA1
TRIOBP	SH3BP1
ANKRD54	MIR658
ANKRD54	GALR3
ANKRD54	PDXP-DT
ANKRD54	PDXP
MIR658	GALR3
MIR658	PDXP-DT
MIR658	PDXP
GALR3	PDXP-DT
GALR3	PDXP
PDXP-DT	PDXP
TRIOBP	NOL12
TRIOBP	LGALS1
NOL12	LGALS1
NOL12	TRIOBP
LGALS1	TRIOBP
KHK	TRIOBP
EMILIN1	TRIOBP
SH3BP1	TRIOBP
592488	TRIOBP
PDXP-DT	ANKRD54
PDXP-DT	MIR658
PDXP-DT	GALR3
PDXP	ANKRD54
PDXP	MIR658
PDXP	GALR3
ANKRD54	EIF3L
EIF3L	MIR658
EIF3L	GALR3
CCDC33	MIEF1
FAM83F	RPS19BP1
RPS19BP1	FAM83F
GHRLOS	LINC00852
GHRLOS	BRPF1
LINC00852	BRPF1
SPATC1	PARP10
SPATC1	GHRLOS
SPATC1	LINC00852
PARP10	GHRLOS
PARP10	LINC00852
WNT7A	LINC00620
459611	WNT7A
LINC00620	WNT7A
METTL6	EAF1
METTL6	CAPN7
METTL6	COL6A4P1
EAF1	CAPN7
EAF1	COL6A4P1
CAPN7	COL6A4P1
CAPN7	METTL6
CAPN7	EAF1
COL6A4P1	METTL6
COL6A4P1	EAF1
METTL6	EAF1-AS1
EAF1	EAF1-AS1
METTL6	COLQ
EAF1	COLQ
CSRNP1	GORASP1
CSRNP1	TTC21A
GORASP1	TTC21A
GORASP1	CSRNP1
TTC21A	CSRNP1
HHATL	HHATL-AS1
HHATL	468730
HHATL-AS1	468730
424810	CD80
CDV3	BFSP2-AS1
HLTF	HLTF-AS1
HLTF	501721
HLTF-AS1	501721
NDUFB5	USP13
MFN1	USP13
B3GNT5	RNA5SP151
B3GNT5	MCF2L2
RNA5SP151	MCF2L2
HRG-AS1	AHSG
PCGF3	517177
517283	RNF212
517283	FAM53A
MFSD10	NOP14-AS1
MFSD10	TNIP2
NOP14-AS1	TNIP2
MFSD10	ADD1
NOP14-AS1	ADD1
ADD1	MFSD10
ADD1	NOP14-AS1
TNIP2	MFSD10
TNIP2	NOP14-AS1
RBM47	N4BP2
543200	RNU6-1298P
HERC3	PYURF
HERC3	PIGY-DT
HERC3	PIGY
HERC3	RNU6-1298P
PYURF	PIGY-DT
PYURF	PIGY
PYURF	RNU6-1298P
PIGY-DT	PIGY
PIGY-DT	RNU6-1298P
PIGY	RNU6-1298P
RNU6-1298P	543200
RNU6-1298P	HERC3
RNU6-1298P	PYURF
RNU6-1298P	PIGY-DT
RNU6-1298P	PIGY
559697	NOCT
TRIOBP	592488
RNU1-73P	605764
RNU1-73P	605785
RNU1-73P	ERAP2
605785	RNU1-73P
605764	RNU1-73P
SLC25A46	TMEM232
SLC25A46	610291
TMEM232	610291
PCDHB2	PCDHB1-AS1
PCDHB2	PCDHB3
PCDHB2	PCDHA2
PCDHB1-AS1	PCDHB3
PCDHB1-AS1	PCDHA2
PCDHB3	PCDHA2
PCDHGC3	RN7SL68P
PCDHGC3	PCDHGB6
RN7SL68P	PCDHGB6
SAP30L	SAP30L-AS1
SAP30L	MFAP3
SAP30L	FAM114A2
SAP30L-AS1	MFAP3
SAP30L-AS1	FAM114A2
MFAP3	FAM114A2
MFAP3	SAP30L
MFAP3	SAP30L-AS1
FAM114A2	SAP30L
FAM114A2	SAP30L-AS1
RPL26L1	RPL26L1-AS1
RPL26L1	629177
RPL26L1-AS1	629177
629177	RPL26L1
629177	RPL26L1-AS1
BNIP1	ATP6V0E1
DSP-AS1	DSP
DSP-AS1	NRN1
DSP	NRN1
TFAP2A	TFAP2A-AS1
TFAP2A	DSP-AS1
TFAP2A	DSP
TFAP2A-AS1	DSP-AS1
TFAP2A-AS1	DSP
NRN1	DSP-AS1
NRN1	DSP
SYCP2L	GCM2
SYCP2L	TFAP2A
SYCP2L	TFAP2A-AS1
GCM2	TFAP2A
GCM2	TFAP2A-AS1
SYCP2L	MAK
GCM2	MAK
TFAP2A	SYCP2L
TFAP2A	GCM2
TFAP2A-AS1	SYCP2L
TFAP2A-AS1	GCM2
MAK	SYCP2L
MAK	GCM2
635331	TBC1D7
635331	RANBP9
H2AC2P	H2AC1
H2AC2P	H2BC1
H2AC2P	H2BC2P
H2AC2P	CMAHP
H2AC1	H2BC1
H2AC1	H2BC2P
H2AC1	CMAHP
H2BC1	H2BC2P
H2BC1	CMAHP
H2BC2P	CMAHP
OR10C1	640099
640099	OR2H2
RNU6-1133P	VARS2
RNU6-1133P	GTF2H4
RNU6-1133P	DDR1
VARS2	GTF2H4
VARS2	DDR1
GTF2H4	DDR1
VARS2	RNU6-1133P
GTF2H4	RNU6-1133P
DDR1	RNU6-1133P
RPS15	POU5F1
DAZAP1	POU5F1
BAG6	APOM
BAG6	NFKBIL1
BAG6	ATP6V1G2
BAG6	ATP6V1G2-DDX39B
APOM	NFKBIL1
APOM	ATP6V1G2
APOM	ATP6V1G2-DDX39B
NFKBIL1	ATP6V1G2
NFKBIL1	ATP6V1G2-DDX39B
ATP6V1G2	ATP6V1G2-DDX39B
DDX39B	DDX39B-AS1
DDX39B	LTB
DDX39B-AS1	LTB
DDX39B	PRRC2A
DDX39B	SNORA38
DDX39B-AS1	PRRC2A
DDX39B-AS1	SNORA38
PRRC2A	SNORA38
NFKBIL1	BAG6
NFKBIL1	APOM
ATP6V1G2	BAG6
ATP6V1G2	APOM
ATP6V1G2-DDX39B	BAG6
ATP6V1G2-DDX39B	APOM
DDX39B	BAG6
DDX39B	APOM
DDX39B-AS1	BAG6
DDX39B-AS1	APOM
SNORD52	SNHG32
SNORD52	BAG6
SNORD52	APOM
SNHG32	BAG6
SNHG32	APOM
MICB	BAG6
MICB	APOM
PRRC2A	BAG6
PRRC2A	APOM
SNORA38	BAG6
SNORA38	APOM
SLC44A4	EHMT2-AS1
SLC44A4	BAG6
SLC44A4	APOM
EHMT2-AS1	BAG6
EHMT2-AS1	APOM
EHMT2	EHMT2-AS1
EHMT2	BAG6
EHMT2	APOM
LY6G6F	LY6G6F-LY6G6D
LY6G6F	BAG6
LY6G6F	APOM
LY6G6F-LY6G6D	BAG6
LY6G6F-LY6G6D	APOM
VARS1	BAG6
VARS1	APOM
DDX39B	C6orf47-AS1
DDX39B	C6orf47
DDX39B-AS1	C6orf47-AS1
DDX39B-AS1	C6orf47
BAG6	C6orf47-AS1
BAG6	C6orf47
C6orf47-AS1	APOM
C6orf47-AS1	C6orf47
APOM	C6orf47
DDX39B	GPANK1
DDX39B	CSNK2B
DDX39B-AS1	GPANK1
DDX39B-AS1	CSNK2B
GPANK1	CSNK2B
DDX39B	MSH5
DDX39B	CLIC1
DDX39B	MSH5-SAPCD1
DDX39B-AS1	MSH5
DDX39B-AS1	CLIC1
DDX39B-AS1	MSH5-SAPCD1
MSH5	CLIC1
MSH5	MSH5-SAPCD1
CLIC1	MSH5-SAPCD1
DDX39B	LSM2
DDX39B-AS1	LSM2
BAG6	HSPA1A
BAG6	HSPA1L
APOM	HSPA1A
APOM	HSPA1L
HSPA1A	HSPA1L
DDX39B	HSPA1A
DDX39B	HSPA1L
DDX39B-AS1	HSPA1A
DDX39B-AS1	HSPA1L
DDX39B	SNORD48
DDX39B	SNHG32
DDX39B	HSPA1B
DDX39B-AS1	SNORD48
DDX39B-AS1	SNHG32
DDX39B-AS1	HSPA1B
SNORD48	SNHG32
SNORD48	HSPA1B
SNHG32	HSPA1B
BAG6	SNORD52
BAG6	SNHG32
APOM	SNORD52
APOM	SNHG32
DDX39B	SNORD52
DDX39B-AS1	SNORD52
DDX39B	NEU1
DDX39B-AS1	NEU1
DDX39B	SLC44A4
DDX39B	EHMT2-AS1
DDX39B-AS1	SLC44A4
DDX39B-AS1	EHMT2-AS1
DDX39B	EHMT2
DDX39B-AS1	EHMT2
DDX39B	C2
DDX39B	ZBTB12
DDX39B-AS1	C2
DDX39B-AS1	ZBTB12
C2	ZBTB12
C2	EHMT2
ZBTB12	EHMT2
ABHD16A	LY6G5C
ABHD16A	640641
LY6G5C	640641
DDX39B	640647
DDX39B-AS1	640647
TSBP1-AS1	TNXB
SLC44A4	TNXB
EHMT2-AS1	TNXB
RPS18	VPS52
RPS18	BRD2
RPS18	HLA-DMA
VPS52	BRD2
VPS52	HLA-DMA
BRD2	HLA-DMA
HLA-DPB1	HLA-DPA1
HLA-DPB1	RPL32P1
HLA-DPB1	HLA-DOA
HLA-DPA1	RPL32P1
HLA-DPA1	HLA-DOA
RPL32P1	HLA-DOA
HLA-DOA	HLA-DPB1
HLA-DOA	HLA-DPA1
HLA-DOA	RPL32P1
BRD2	RPS18
BRD2	VPS52
HLA-DMA	RPS18
HLA-DMA	VPS52
BRPF3	BRPF3-AS1
BRPF3	MAPK13
BRPF3-AS1	MAPK13
MIXL1	RNU6-960P
SNORD101	SNORD100
SNORD101	SLC18B1
SNORD101	SNORA33
SNORD101	RPS12
SNORD101	STX7
SNORD100	SLC18B1
SNORD100	SNORA33
SNORD100	RPS12
SNORD100	STX7
SLC18B1	SNORA33
SLC18B1	RPS12
SLC18B1	STX7
SNORA33	RPS12
SNORA33	STX7
RPS12	STX7
EYA4	SNORD101
EYA4	SNORD100
EYA4	SLC18B1
EYA4	SNORA33
EYA4	RPS12
STX7	SNORD101
STX7	SNORD100
STX7	SLC18B1
STX7	SNORA33
STX7	RPS12
SNORD101	EYA4
SNORD100	EYA4
SLC18B1	EYA4
SNORA33	EYA4
RPS12	EYA4
GPER1	683299
683299	GPER1
CYTH3	EIF2AK1
CYTH3	RNU6-218P
EIF2AK1	RNU6-218P
EIF2AK1	CYTH3
RNU6-218P	CYTH3
HOXA11-AS	HOXA11
HOXA11-AS	SNX10-AS1
HOXA11	SNX10-AS1
SNX10-AS1	HOXA11-AS
SNX10-AS1	HOXA11
690975	HOTTIP
690975	HOXA13
HOTTIP	HOXA13
HOXA11-AS	EVX1
HOXA11-AS	EVX1-AS
HOXA11	EVX1
HOXA11	EVX1-AS
EVX1	EVX1-AS
FKBP14-AS1	SCRN1
FKBP14-AS1	PLEKHA8
FKBP14-AS1	FKBP14
SCRN1	PLEKHA8
SCRN1	FKBP14
PLEKHA8	FKBP14
691841	PLEKHA8
691841	FKBP14
MKLN1-AS	MKLN1
MKLN1-AS	RNU6-1010P
MKLN1	RNU6-1010P
MKLN1-AS	LINC-PINT
MKLN1	LINC-PINT
LINC-PINT	MKLN1
LINC-PINT	MKLN1-AS
MKLN1	MKLN1-AS
RNU6-1010P	MKLN1-AS
RNU6-1010P	MKLN1
CNOT4	RNU6-1154P
CLN8	CLN8-AS1
CLN8	MYOM2
CLN8-AS1	MYOM2
LINC01605	740116
LINC01605	ZNF703
BRF2	ERLIN2
740036	ERLIN2
ANK1	MIR486-1
ANK1	MIR486-2
ANK1	GINS4
MIR486-1	MIR486-2
MIR486-1	GINS4
MIR486-2	GINS4
ANK1	741290
MIR486-1	741290
MIR486-2	741290
ATP6V1G1P2	IGLV8OR8-1
ATP6V1G1P2	SPIDR
ATP6V1G1P2	CEBPD
IGLV8OR8-1	SPIDR
IGLV8OR8-1	CEBPD
SPIDR	CEBPD
TRAM1	LACTB2-AS1
TRAM1	NCOA2
LACTB2-AS1	NCOA2
MAST1	NCOA2
750448	NCOA2
NCOA2	750448
NCOA2	TRAM1
NCOA2	LACTB2-AS1
NCOA2	XKR9
NCOA2	LACTB2
XKR9	LACTB2
ARC	772798
GHRLOS	SPATC1
GHRLOS	PARP10
LINC00852	SPATC1
LINC00852	PARP10
DOCK8	DOCK8-AS1
RNU6-1073P	DMRT3
DMRT3	RNU6-1073P
ASS1	PRDM12
C1orf127	853047
C1orf127	853050
C1orf127	853054
C1orf127	853058
C1orf127	853066
C1orf127	853073
CELSR2	853207
CELSR2	853212
CELSR2	853214
CELSR2	853216
CELSR2	853218
CELSR2	853219
CELSR2	853243
CELSR2	853247
CELSR2	853250
CELSR2	853253
CELSR2	853257
CELSR2	853260
CELSR2	853263
CELSR2	853264
CELSR2	853265
CELSR2	853271
GSTM4	853308
GSTM4	853337
GSTM4	853342
GSTM4	853350
GSTM4	853396
ATP5PB	WDR77
ATP5PB	853528
WDR77	853528
C1orf162	853577
RNU6-151P	KRT18P57
RNU6-151P	853578
KRT18P57	853578
ATP5PB	853621
WDR77	853621
C1orf162	853622
CTTNBP2NL	853639
CTTNBP2NL	853646
CTTNBP2NL	853647
CTTNBP2NL	853648
CTTNBP2NL	853649
CTTNBP2NL	853658
CTTNBP2NL	853659
CTTNBP2NL	853660
CTTNBP2NL	853661
CTTNBP2NL	853663
CTTNBP2NL	853668
CTTNBP2NL	853670
CTTNBP2NL	853673
CTTNBP2NL	853677
CTTNBP2NL	853678
CTTNBP2NL	853679
RNU6ATAC18P	MIR6730
RNU6ATAC18P	853991
MIR6730	853991
RNU6ATAC18P	854001
MIR6730	854001
RNU6ATAC18P	854012
MIR6730	854012
RNU6ATAC18P	854019
MIR6730	854019
RNU6ATAC18P	854028
MIR6730	854028
RNU6ATAC18P	854035
MIR6730	854035
RNU6ATAC18P	854037
MIR6730	854037
RNU6ATAC18P	854040
MIR6730	854040
RNU6ATAC18P	854042
MIR6730	854042
RNU6ATAC18P	854047
MIR6730	854047
RNU6ATAC18P	854054
MIR6730	854054
RNU6ATAC18P	854063
MIR6730	854063
RNU6ATAC18P	854068
MIR6730	854068
RNU6ATAC18P	854072
MIR6730	854072
RNU6ATAC18P	854080
MIR6730	854080
MIR495	854100
CRYGA	854270
CA14	854452
MTMR11	854570
OTUD7B	854571
VPS45	854572
PLEKHO1	854573
CA14	854643
CA14	854644
CIART	854645
MRPS21	854645
CA14	854647
CIART	854648
MRPS21	854648
CIART	854650
MRPS21	854650
CA14	854658
CA14	854659
CA14	854661
CIART	854662
MRPS21	854662
CA14	854664
CA14	854667
CA14	854671
ADAMTSL4	RN7SL600P
ADAMTSL4	RN7SL473P
ADAMTSL4	ADAMTSL4-AS2
ADAMTSL4	ADAMTSL4-AS1
ADAMTSL4	MIR4257
ADAMTSL4	854674
RN7SL600P	RN7SL473P
RN7SL600P	ADAMTSL4-AS2
RN7SL600P	ADAMTSL4-AS1
RN7SL600P	MIR4257
RN7SL600P	854674
RN7SL473P	ADAMTSL4-AS2
RN7SL473P	ADAMTSL4-AS1
RN7SL473P	MIR4257
RN7SL473P	854674
ADAMTSL4-AS2	ADAMTSL4-AS1
ADAMTSL4-AS2	MIR4257
ADAMTSL4-AS2	854674
ADAMTSL4-AS1	MIR4257
ADAMTSL4-AS1	854674
MIR4257	854674
CA14	854675
CIART	854682
MRPS21	854682
CA14	854686
CA14	854687
PSMD4	854747
PSMD4	854859
SELENBP1	854911
CGN	854912
THEM5	854913
THEM4	854914
S100A10	854915
SNAPIN	855094
SNAPIN	855098
SNAPIN	855121
MIR6737	855137
CRTC2	855137
MIR6737	855142
CRTC2	855142
MIR6737	855148
CRTC2	855148
MIR6737	855155
CRTC2	855155
MIR6737	855163
CRTC2	855163
MIR6737	855178
CRTC2	855178
MIR6737	855188
CRTC2	855188
MIR6737	855199
CRTC2	855199
SNAPIN	855200
CHTOP	855210
S100A1	855210
S100A13	855210
NPR1	855211
37180	855212
SLC27A3	855213
INTS3	855213
GATAD2B	855214
MIR6737	855215
CRTC2	855215
RPS27	855216
RAB13	855216
MIR6737	855232
CRTC2	855232
MIR6737	855242
CRTC2	855242
MIR6737	855243
CRTC2	855243
CHTOP	855250
S100A1	855250
S100A13	855250
MIR190B	TPM3
MIR190B	855251
TPM3	855251
UBAP2L	855252
UBAP2L	SNORA58B
UBAP2L	855253
SNORA58B	855253
KRTCAP2	855362
TRIM46	855362
KRTCAP2	855364
TRIM46	855364
KRTCAP2	855402
TRIM46	855402
LRRC71	855598
PEAR1	855598
LRRC71	855602
PEAR1	855602
LRRC71	855637
PEAR1	855637
LRRC71	855641
PEAR1	855641
LRRC71	855642
PEAR1	855642
LRRC71	855648
PEAR1	855648
LRRC71	855670
PEAR1	855670
LRRC71	855673
PEAR1	855673
NES	BCAN
NES	855674
BCAN	855674
LRRC71	855675
PEAR1	855675
LRRC71	855677
PEAR1	855677
LRRC71	855680
PEAR1	855680
ARHGEF11	MIR765
ARHGEF11	855681
MIR765	855681
LRRC71	855685
PEAR1	855685
FCRL5	855698
FCRL2	855702
HSPB7	855711
CLCNKA	855711
HSPB7	855713
CLCNKA	855713
HSPB7	855728
CLCNKA	855728
HSPB7	855739
CLCNKA	855739
HSPB7	855825
CLCNKA	855825
CADM3	855844
NHLH1	855950
LY9	855966
CD244	855967
ITLN1	855968
ITLN2	855969
NDUFS2	856161
ADAMTS4	856161
FCER1G	856162
NDUFS2	856162
SDHC	856163
CFAP126	856164
NDUFS2	856165
ADAMTS4	856165
FCGR2A	856232
9034	856303
HRH4	856342
ALDH9A1	856390
RN7SL491P	856394
42102	856540
RNU6-307P	856767
CACYBP	856768
LDB2	856798
44826	856933
KIAA1614	LINC02816
KIAA1614	856959
LINC02816	856959
TEDDM1	857048
TEDDM1	857051
TEDDM1	857052
TEDDM1	857053
TEDDM1	857056
TEDDM1	857058
TEDDM1	857060
TEDDM1	857062
TEDDM1	857065
TEDDM1	857068
TEDDM1	857071
TEDDM1	857074
TEDDM1	857076
TEDDM1	857078
TEDDM1	857079
TEDDM1	857081
TEDDM1	857082
TEDDM1	857083
TEDDM1	857084
TEDDM1	857085
TEDDM1	857086
TEDDM1	857087
TEDDM1	857088
TEDDM1	857089
TEDDM1	857090
TEDDM1	857092
TEDDM1	857094
TEDDM1	857096
TEDDM1	857098
TEDDM1	857099
TEDDM1	857101
RNASEL	857137
RGS16	LINC01686
RGS16	857138
LINC01686	857138
TEDDM1	857142
TEDDM1	857146
RN7SL491P	857283
ALDH4A1	MIR1290
ALDH4A1	857311
MIR1290	857311
RN7SL491P	857482
SOX13	857932
PIK3C2B	858026
RN7SL491P	858044
PINK1	MIR6084
PINK1	858076
MIR6084	858076
KLHDC8A	858127
LEMD1-AS1	858128
CDK18	858129
MFSD4A	858130
RNU6-418P	858131
52571	858132
4464	858403
4464	858461
KCNH1	KCNH1-IT1
KCNH1	858514
KCNH1-IT1	858514
KCNH1	858517
KCNH1-IT1	858517
PACC1	858605
PCYT1A	858638
REELD1	858719
56908	858723
59505	859007
TMEM78	859008
RAB4A	RAB4A-AS1
RAB4A	859009
RAB4A-AS1	859009
59534	859010
61081	859330
IRF2BP2	859331
TARBP1	859350
61081	859351
IRF2BP2	859352
STPG1	NIPAL3
STPG1	859683
NIPAL3	859683
ST7L	859701
ZNF669	859702
CLIC4	859723
CLIC4	859725
CLIC4	859731
NR0B2	NUDC
NR0B2	860039
NUDC	860039
ARID1A	860046
PIGV	860047
SFN	860048
5851	860049
GPATCH3	NUDC
GPATCH3	860050
NUDC	860050
NR0B2	860100
NUDC	860100
SMPDL3B	860155
XKR8	860161
SMPDL3B	860180
SDC3	860263
TMEM39B	860373
PHC2	860528
RHBDL2	860872
8980	861039
CITED4	861095
CITED4	861100
KCNQ4	861101
9034	861106
MIR6737	861163
CRTC2	861163
342742	861434
IFITM10	861438
ANO7	861447
KNCN	861520
CTTNBP2NL	861619
104804	861842
RN7SL491P	861844
LINC01135	JUN
LINC01135	861878
JUN	861878
LEPROT	LEPR
LEPROT	862055
LEPR	862055
TIMM22	862271
EML1	862332
1679	862481
SAMD11	862728
LINC02593	862728
SLC44A3-AS1	SLC44A3
SLC44A3-AS1	862767
SLC44A3	862767
SLC44A3-AS1	862768
F3	862780
CDR2L	862863
DPCD	862964
SH3PXD2A	863263
C5orf38	IRX2
C5orf38	863482
IRX2	863482
RN7SL491P	863489
GFRA1	863698
104804	863845
RHNO1	863851
FOXM1	863851
TULP3	863851
HMX3	863901
CHST15	863915
CHST15	863916
CHST15	863917
CHST15	863918
CHST15	863919
CHST15	863920
CHST15	863921
CHST15	863922
CHST15	863923
CTBP2	863950
CLRN3	863992
PTPRE	863993
RNU7-107P	864013
DOCK8	864119
HSPA14	CDNF
HSPA14	864198
CDNF	864198
SUV39H2	SUV39H2-DT
SUV39H2	864199
SUV39H2-DT	864199
NMT2	864219
PLXDC2	864356
MIR1915HG	864358
MIR1915	864358
MIR1915HG	864368
MIR1915	864368
MIR1915HG	864372
MIR1915	864372
MIR1915HG	864374
MIR1915	864374
MIR1915HG	864376
MIR1915	864376
MIR1915HG	864377
MIR1915	864377
MIR1915HG	864379
MIR1915	864379
MIR1915HG	864381
MIR1915	864381
MIR1915HG	864382
MIR1915	864382
MIR1915HG	864383
MIR1915	864383
MIR1915HG	864396
MIR1915	864396
MIR1915HG	864404
MIR1915	864404
MIR1915HG	864405
MIR1915	864405
MIR1915HG	864423
MIR1915	864423
MIR1915HG	864434
MIR1915	864434
RNU7-107P	864942
RNU7-107P	864948
LNCAROD	864983
MBL2	864984
PFKFB3	865108
PFKFB3	865135
RNU6-535P	865282
RPS15	865331
DAZAP1	865331
PCYT1A	865548
KCNMA1	865740
87855	865762
PRXL2A	865827
PRXL2A	865831
PRXL2A	865840
PRXL2A	865842
PRXL2A	865844
90638	865920
CYP26C1	CYP26C1-DT
CYP26C1	866139
CYP26C1-DT	866139
CYP26A1	866140
CYP26A1	866155
RN7SL491P	866200
TCTN3	866231
TCTN3	866232
CRTAC1	866347
CRTAC1	866351
CRTAC1	866352
CRTAC1	866353
CRTAC1	866354
HPSE2	866372
GOT1-DT	866490
94282	866497
DNMBP	866498
136940	866856
APOA1-AS	866941
APOC3	866941
APOA4	866941
APOA1-AS	866946
APOC3	866946
APOA4	866946
APOA1-AS	866961
APOC3	866961
APOA4	866961
APOA1-AS	867009
APOC3	867009
APOA4	867009
APOA1-AS	867017
APOC3	867017
APOA4	867017
APOA1-AS	867021
APOC3	867021
APOA4	867021
APOA1-AS	867024
APOC3	867024
APOA4	867024
APOA1-AS	867031
APOC3	867031
APOA4	867031
APOA1-AS	867035
APOC3	867035
APOA4	867035
FXYD6	867082
FXYD6-FXYD2	867082
FXYD6	867088
FXYD6-FXYD2	867088
FXYD6	867091
FXYD6-FXYD2	867091
FXYD6	867101
FXYD6-FXYD2	867101
FXYD6	867130
FXYD6-FXYD2	867130
FXYD6	867133
FXYD6-FXYD2	867133
106888	867301
106888	867306
106888	867312
106888	867315
GRIK4	867322
106888	867325
106888	867328
106888	867329
106888	867330
106888	867332
106888	867333
GRAMD1B	867416
OR8X1P	867448
OR8B3	867448
OR8X1P	867450
OR8B3	867450
OR8X1P	867452
OR8B3	867452
OR8X1P	867454
OR8B3	867454
MSANTD2-AS1	MSANTD2
MSANTD2-AS1	867462
MSANTD2	867462
ROBO3	867463
IFITM10	867542
140553	867678
FLI1	SENCR
FLI1	867708
SENCR	867708
FLI1	867712
SENCR	867712
FLI1	867715
SENCR	867715
FLI1	867717
SENCR	867717
FLI1	867720
SENCR	867720
FLI1	867723
SENCR	867723
FLI1	867727
SENCR	867727
FLI1	867731
SENCR	867731
FLI1	867736
SENCR	867736
FLI1	867741
SENCR	867741
FLI1	867745
SENCR	867745
FLI1	867746
SENCR	867746
FLI1	867750
SENCR	867750
FLI1	867754
SENCR	867754
FLI1	867756
SENCR	867756
FLI1	867764
SENCR	867764
FLI1	867768
SENCR	867768
FLI1	867771
SENCR	867771
FLI1	867776
SENCR	867776
FLI1	867785
SENCR	867785
FLI1	867795
SENCR	867795
FLI1	867796
SENCR	867796
FLI1	867799
SENCR	867799
FLI1	867802
SENCR	867802
FLI1	867805
SENCR	867805
FLI1	867806
SENCR	867806
FLI1	867807
SENCR	867807
FLI1	867808
SENCR	867808
FLI1	867809
SENCR	867809
FLI1	867812
SENCR	867812
FLI1	867813
SENCR	867813
FLI1	867814
SENCR	867814
APLP2	867864
ADAMTS8	867899
ADAMTS8	867918
ADAMTS8	867920
ADAMTS8	867922
ADAMTS8	867924
ADAMTS8	867926
ADAMTS8	867928
ADAMTS8	867930
ADAMTS8	867932
ADAMTS8	867934
ADAMTS8	867936
ADAMTS8	867938
ADAMTS8	867940
ADAMTS8	867942
ADAMTS8	867944
ADAMTS8	867946
ADAMTS8	867947
ADAMTS8	867949
ADAMTS8	867951
ADAMTS8	867953
ADAMTS8	867955
ADAMTS8	867957
ADAMTS8	867959
ADAMTS8	867960
ADAMTS8	867961
ADAMTS8	867962
ADAMTS8	867964
ADAMTS8	867966
ADAMTS8	867968
LINC02690	868023
C11orf58	SOX6
C11orf58	868116
SOX6	868116
KCNJ11	868182
TNNT3	868280
TNNT3	868282
TNNT3	868284
TNNT3	868286
TNNT3	868288
TNNT3	868356
TSSC4	868365
TSSC4	868371
TSSC4	868374
PHLDA2	SLC22A18
PHLDA2	868531
SLC22A18	868531
113269	868613
113269	868614
113269	868616
113269	868617
113269	868619
113269	868620
113269	868621
113269	868622
113269	868624
104804	868661
PDHX	APIP
PDHX	868797
APIP	868797
CTTNBP2NL	868925
104429	868992
104429	868996
104429	868997
104429	868998
PGAP2	NUP98
PGAP2	869007
NUP98	869007
RHOG	869008
104429	869046
OR52K2	869209
MDK	DGKZ
MDK	869342
DGKZ	869342
CHRM4	869343
RPS15	869378
DAZAP1	869378
104804	869399
PTPRJ-AS1	869482
PTPRJ	869484
RN7SL491P	869530
104804	869545
OR51M1	869546
OR51B5	869551
104804	869556
CTTNBP2NL	869608
ANXA2R-AS1	ANXA2R
ANXA2R-AS1	869614
ANXA2R	869614
104804	869621
OR51A10P	869622
RN7SL605P	869623
TIMM10	869623
RN7SL605P	869629
TIMM10	869629
RN7SL605P	869636
TIMM10	869636
RN7SL605P	869646
TIMM10	869646
RN7SL605P	869651
TIMM10	869651
RN7SL605P	869658
TIMM10	869658
120688	869660
SLC43A3	869661
MIR130A	869662
RN7SL605P	869668
TIMM10	869668
RN7SL605P	869673
TIMM10	869673
RN7SL605P	869677
TIMM10	869677
RN7SL605P	869680
TIMM10	869680
RN7SL605P	869685
TIMM10	869685
RN7SL605P	869690
TIMM10	869690
RN7SL605P	869694
TIMM10	869694
RN7SL605P	869702
TIMM10	869702
RN7SL605P	869708
TIMM10	869708
RN7SL605P	869757
TIMM10	869757
RN7SL605P	869761
TIMM10	869761
RN7SL605P	869766
TIMM10	869766
RN7SL605P	869771
TIMM10	869771
RN7SL605P	869780
TIMM10	869780
RN7SL605P	869795
TIMM10	869795
RN7SL605P	869800
TIMM10	869800
CLP1	869810
YPEL4	869810
MIR130AHG	869810
MED19	869811
TMX2	869811
120788	869812
SELENOH	BTBD18
SELENOH	869813
BTBD18	869813
CTNND1	869814
OR5B21	869815
RN7SL605P	869816
TIMM10	869816
RN7SL605P	869880
TIMM10	869880
RN7SL605P	869889
TIMM10	869889
SMPDL3B	869977
BEST1	870179
FTH1	870180
RN7SL491P	870447
104804	870457
122435	870515
FLRT1	870516
122443	870517
BRPF1	870518
NRXN2	870565
NRXN2	870571
NRXN2	870575
NRXN2	870588
NRXN2	870592
NRXN2	870602
NRXN2	870605
NRXN2	870606
NRXN2	870609
NRXN2	870615
NRXN2	870621
NRXN2	870625
NRXN2	870628
NRXN2	870631
NRXN2	870633
NRXN2	870637
NRXN2	870640
NRXN2	870642
NRXN2	870644
NRXN2	870647
NRXN2	870651
NRXN2	870654
NRXN2	870665
RPS15	870785
DAZAP1	870785
POLA2	870792
TPCN2	871146
123365	871147
MYEOV	871148
CTTNBP2NL	871188
CLPB	871208
CLPB	871211
CLPB	871260
CLPB	871265
CLPB	871309
CLPB	871328
CLPB	871332
CLPB	871344
KLHL35	871575
125533	871689
125533	871690
125533	871691
125533	871693
125533	871696
125533	871698
125533	871701
125533	871703
125533	871705
125533	871707
125533	871709
125533	871716
125533	871720
125533	871725
125533	871728
125533	871729
125533	871731
125533	871733
125533	871735
125533	871738
125533	871740
125533	871745
125533	871748
NMT2	871760
PCF11	871834
104804	872046
TAF1D	SNORD5
TAF1D	SNORA40
TAF1D	SNORA18
TAF1D	MIR1304
TAF1D	SNORA8
TAF1D	872130
SNORD5	SNORA40
SNORD5	SNORA18
SNORD5	MIR1304
SNORD5	SNORA8
SNORD5	872130
SNORA40	SNORA18
SNORA40	MIR1304
SNORA40	SNORA8
SNORA40	872130
SNORA18	MIR1304
SNORA18	SNORA8
SNORA18	872130
MIR1304	SNORA8
MIR1304	872130
SNORA8	872130
SBF2	872311
176316	872409
176484	872428
TTBK1	DNPH1
TTBK1	872430
DNPH1	872430
NT5DC3	872436
177949	872616
177949	872618
177949	872625
177949	872628
177949	872641
177949	872686
FAM222A-AS1	872718
WFDC9	872765
WFDC10A	872765
RN7SL491P	872791
TBX3	TBX3-AS1
TBX3	872898
TBX3-AS1	872898
TAOK3	873047
LTA4H	873072
MLXIP	873236
MLXIP	873237
MLXIP	873239
RPL21P136	CREBL2
RPL21P136	873329
CREBL2	873329
RPL21P136	873347
CREBL2	873347
RPL21P136	873361
CREBL2	873361
GPR19	CDKN1B
GPR19	873377
CDKN1B	873377
181721	873400
RPL21P136	873407
CREBL2	873407
RPL21P136	873411
CREBL2	873411
BORCS5	LOH12CR2
BORCS5	873425
LOH12CR2	873425
EMP1	873452
EMP1	873453
EMP1	873456
PIWIL1	873458
PIWIL1	873459
EMP1	873460
PIWIL1	873461
PIWIL1	873462
PIWIL1	873464
PIWIL1	873465
PIWIL1	873466
PIWIL1	873467
PIWIL1	873468
PIWIL1	873469
PIWIL1	873470
EMP1	873471
EMP1	873474
PIWIL1	873475
PIWIL1	873476
EMP1	873479
EMP1	873483
ZNF891	ZNF10
ZNF891	873591
ZNF10	873591
146817	873645
RHNO1	873846
FOXM1	873846
TULP3	873846
LINC02909	873897
151021	874001
PPFIBP1	874002
RHNO1	874044
FOXM1	874044
TULP3	874044
TEAD4	874045
RHNO1	874075
FOXM1	874075
TULP3	874075
RNU6-494P	874177
CCND2-AS1	CCND2
CCND2-AS1	874238
CCND2	874238
HPS4	874266
SRRD	874266
KRT79	874942
KRT78	874942
KRT79	874950
KRT78	874950
PFDN5	875008
PFDN5	875012
PFDN5	875016
PFDN5	875023
PFDN5	875027
PFDN5	875031
PFDN5	875033
PFDN5	875044
PFDN5	875050
PFDN5	875093
PFDN5	875100
PFDN5	875122
ATP5MC2	875164
SMUG1	875257
RNU6-950P	875359
RNU6-950P	875364
RNU6-950P	875369
RNU6-950P	875373
RNU6-950P	875380
RNU6-950P	875384
RNU6-950P	875386
RNU6-950P	875390
RNU6-950P	875394
RNU6-950P	875398
RNU6-950P	875403
RNU6-950P	875407
RNU6-950P	875411
RNU6-950P	875415
RNU6-950P	875430
RNU6-950P	875436
RNU6-950P	875443
RNU6-950P	875454
RNU6-950P	875459
ZNF385A	875470
ITGA5	GPR84-AS1
ITGA5	875471
GPR84-AS1	875471
ZNF385A	875472
ITGA5	875473
GPR84-AS1	875473
ZNF385A	875482
ITGA5	875483
GPR84-AS1	875483
MSX2	875484
RNU6-950P	875490
ZNF385A	875493
ZNF385A	875496
ITGA5	875497
GPR84-AS1	875497
ZNF385A	875499
GTSF1	875500
ZC3H10	ESYT1
ZC3H10	875650
ESYT1	875650
ESYT1	875699
SMARCC2	875700
SLC26A10	876138
DTX3	876138
ARHGEF25	876138
PIP4K2C	876138
SLC26A10	876142
DTX3	876142
ARHGEF25	876142
PIP4K2C	876142
SLC26A10	876146
DTX3	876146
ARHGEF25	876146
PIP4K2C	876146
SLC26A10	876147
DTX3	876147
ARHGEF25	876147
PIP4K2C	876147
SLC26A10	876151
DTX3	876151
ARHGEF25	876151
PIP4K2C	876151
SLC26A10	876154
DTX3	876154
ARHGEF25	876154
PIP4K2C	876154
SLC26A10	876157
DTX3	876157
ARHGEF25	876157
PIP4K2C	876157
SLC26A10	876159
DTX3	876159
ARHGEF25	876159
PIP4K2C	876159
SLC26A10	876166
DTX3	876166
ARHGEF25	876166
PIP4K2C	876166
SLC26A10	876182
DTX3	876182
ARHGEF25	876182
PIP4K2C	876182
CTDSP2	876348
CD9	876400
TAPBPL	CD27-AS1
TAPBPL	876478
CD27-AS1	876478
VAMP1	876479
GAPDH	GAPDH-DT
GAPDH	876480
GAPDH-DT	876480
C12orf56	876487
TNFRSF1A	RN7SL391P
TNFRSF1A	876494
RN7SL391P	876494
GAPDH	876495
GAPDH-DT	876495
PTMS	876696
LAG3	MLF2
LAG3	PTMS
LAG3	876697
MLF2	PTMS
MLF2	876697
PTMS	876697
P3H3	GPR162
P3H3	CD4
P3H3	876698
GPR162	CD4
GPR162	876698
CD4	876698
GNB3	876699
VIRMA	VIRMA-DT
VIRMA	876768
VIRMA-DT	876768
DUSP6	877185
POC1B	POC1B-GALNT4
POC1B	POC1B-AS1
POC1B	GALNT4
POC1B	877186
POC1B-GALNT4	POC1B-AS1
POC1B-GALNT4	GALNT4
POC1B-GALNT4	877186
POC1B-AS1	GALNT4
POC1B-AS1	877186
GALNT4	877186
SYNE3	877403
CCDC38	877405
LTA4H	877439
LTA4H	877443
LTA4H	877449
CDK17	877450
CFAP54	877451
LTA4H	877486
LTA4H	877488
LTA4H	877495
LTA4H	877498
LTA4H	877501
LTA4H	877503
LTA4H	877511
LTA4H	877512
IKBIP	APAF1
IKBIP	877616
APAF1	877616
SLC25A3	877617
210474	877723
SOX1-OT	877872
SOX1	877872
SOX1-OT	877876
SOX1	877876
SOX1-OT	877877
SOX1	877877
SOX1-OT	877878
SOX1	877878
MCF2L	877884
MCF2L	877885
MCF2L	877886
MCF2L	877887
MCF2L	877895
ADPRHL1	877908
GJB2	878027
184945	878028
185462	878050
427674	878101
RNU6-1103P	878121
RXFP2	878295
189656	878381
189656	878383
SMAD9	LAMTOR3P1
SMAD9	878400
LAMTOR3P1	878400
189656	878401
189656	878403
189656	878409
189656	878410
189656	878412
189656	878414
189656	878415
189656	878416
189656	878417
189656	878418
189656	878419
189656	878420
DGKH	878526
RN7SL491P	878583
RNASEH2B-AS1	RNASEH2B
RNASEH2B-AS1	878714
RNASEH2B	878714
DLEU1	878715
PCDH8	878889
RN7SL491P	879103
208152	879125
208152	879126
SOX21-AS1	SOX21
SOX21-AS1	LINC00391
SOX21-AS1	879127
SOX21	LINC00391
SOX21	879127
LINC00391	879127
SOX21-AS1	879129
SOX21	879129
LINC00391	879129
SOX21-AS1	879131
SOX21	879131
LINC00391	879131
SOX21-AS1	879132
SOX21	879132
LINC00391	879132
MEG8	879281
RTL1	879281
MEG8	879296
RTL1	879296
MIR495	879300
MIR495	879325
MIR495	879328
MEG8	879329
RTL1	879329
MEG8	879333
RTL1	879333
MIR495	879334
MEG8	879340
RTL1	879340
MEG8	879342
RTL1	879342
MEG8	879348
RTL1	879348
MEG8	879355
RTL1	879355
MIR495	879361
MEG8	879366
RTL1	879366
MEG8	879373
RTL1	879373
MEG8	879375
RTL1	879375
MIR495	879379
MEG8	879385
RTL1	879385
MEG8	879389
RTL1	879389
MARK3	879429
ADSS1	879526
PACS2	TEX22
PACS2	879548
TEX22	879548
AHNAK2	879549
PACS2	BRF1
PACS2	879550
BRF1	879550
SUPT16H	880022
CHD8	880023
SNORD8	880023
SNORD9	880023
HNRNPC	880025
HNRNPC	880027
HNRNPC	880032
HNRNPC	880044
HNRNPC	880047
HNRNPC	880050
HNRNPC	880051
HNRNPC	880052
HNRNPC	880056
HNRNPC	880059
AJUBA	880105
AJUBA-DT	880105
AJUBA	880111
AJUBA-DT	880111
AJUBA	880125
AJUBA-DT	880125
AJUBA	880130
AJUBA-DT	880130
AJUBA	880143
AJUBA-DT	880143
AJUBA	880150
AJUBA-DT	880150
AJUBA	880192
AJUBA-DT	880192
RNF212B	880194
PRMT5	PRMT5-DT
PRMT5	880195
PRMT5-DT	880195
AJUBA	880197
AJUBA-DT	880197
AJUBA	880200
AJUBA-DT	880200
PSMB5	PSMB11
PSMB5	880219
PSMB11	880219
AJUBA	880222
AJUBA-DT	880222
AJUBA	880224
AJUBA-DT	880224
AJUBA	880229
AJUBA-DT	880229
AJUBA	880230
AJUBA-DT	880230
BCL2L2	880245
BCL2L2-PABPN1	880245
RN7SL491P	880653
PPP2R3C	PRORP
PPP2R3C	880764
PRORP	880764
PRPF39	PRPF39-DT
PRPF39	880943
PRPF39-DT	880943
RRAGAP1-AS1	C14orf28
RRAGAP1-AS1	880944
C14orf28	880944
222117	880945
TOGARAM1	KLHL28
TOGARAM1	880946
KLHL28	880946
RNU6-189P	881082
RNU6-301P	881138
CGRRF1	881203
SAMD4A	881204
HSPB7	881301
CLCNKA	881301
LINC01303	LINC03033
LINC01303	881486
LINC03033	881486
PRKCH	881489
RNU6-1169P	881608
229473	881741
229455	881747
229473	881748
ZC2HC1C	ACYP1
ZC2HC1C	882037
ACYP1	882037
FLVCR2	FLVCR2-AS1
FLVCR2	882226
FLVCR2-AS1	882226
MAPRE2	882523
CHST15	882631
ALKAL2	882671
SYNE3	882673
SYNE3	882677
SYNE3	882679
SYNE3	882680
SYNE3	882682
EML1	882729
EML1	882730
EML1	882731
EML1	882732
EML1	882733
EML1	882734
EML1	882735
EML1	882736
EML1	882738
EML1	882739
EML1	882740
EML1	882741
EML1	882742
EML1	882744
EML1	882745
EML1	882746
EML1	882747
EML1	882749
EML1	882750
EML1	882751
EML1	882754
EML1	882755
EML1	882756
EML1	882758
EML1	882759
EML1	882760
EML1	882765
EML1	882768
EML1	882770
EML1	882774
EML1	882777
EML1	882782
EML1	882783
EML1	882785
EML1	882790
EML1	882793
EML1	882795
EML1	882797
EML1	882798
EML1	882800
EML1	882801
EML1	882803
EML1	882805
EML1	882807
EML1	882809
EML1	882811
471950	883055
CLIP3	883311
BMF	883402
BMF	883405
BMF	883411
BMF	883433
BMF	883439
BMF	883444
BMF	883450
BMF	883453
BMF	883455
BMF	883459
BMF	883460
BMF	883462
BMF	883468
BMF	883470
BMF	883474
BMF	883475
BMF	883485
BMF	883547
TCF12	884103
SNORD3P1	884138
DAPK2	884284
PARP16	884375
RNU5A-1	884375
SNORA24B	884375
IQCH	AAGAB
IQCH	884479
AAGAB	884479
IQCH	884480
KRT79	884562
KRT78	884562
CCDC33	884669
CCDC33	884675
CCDC33	884688
CCDC33	884699
FAM219B	884741
FAM219B	884746
FAM219B	884760
FAM219B	884773
FAM219B	884776
FAM219B	884783
FAM219B	884793
FAM219B	884795
FAM219B	884797
FAM219B	884801
FAM219B	884803
FAM219B	884805
FAM219B	884809
FAM219B	884814
FAM219B	884815
FAM219B	884818
FAM219B	884827
FAM219B	884828
FAM219B	884829
FAM219B	884831
FAM219B	884852
FAM219B	884857
MAN2C1	884896
CHRNA5	884981
RN7SL491P	885017
RN7SL491P	885221
MIR3529	MIR7-2
MIR3529	885335
MIR7-2	885335
AEN	885336
FAM174B	885571
RMI2	885778
RMI2	885794
RPS2	885838
SNORA78	885838
SNHG9	885838
RPS2	886042
SNORA78	886042
SNHG9	886042
SLC9A3R2	886133
RN7SL219P	886133
ZNF598	886133
NPW	886133
RHNO1	886153
FOXM1	886153
TULP3	886153
GGA2	886227
RPS2	886284
SNORA78	886284
SNHG9	886284
PRSS21	886393
TRIOBP	886483
ZNF688	886518
ZNF785	886518
ZNF688	886526
ZNF785	886526
ZNF688	886531
ZNF785	886531
SRCAP	RNU6-1043P
SRCAP	886532
RNU6-1043P	886532
SEPHS2	886533
ZNF768	ZNF747-DT
ZNF768	ZNF747
ZNF768	ITGAL
ZNF768	886534
ZNF747-DT	ZNF747
ZNF747-DT	ITGAL
ZNF747-DT	886534
ZNF747	ITGAL
ZNF747	886534
ITGAL	886534
ZNF688	886535
ZNF785	886535
ZNF689	886536
ZNF688	886542
ZNF785	886542
TBC1D10B	MYL11
TBC1D10B	886561
MYL11	886561
DCTPP1	886562
ITGAL	886563
ZNF689	886564
ZNF688	886581
ZNF785	886581
ZNF688	886586
ZNF785	886586
ZNF688	886587
ZNF785	886587
ZNF688	886588
ZNF785	886588
ZNF688	886612
ZNF785	886612
HCFC1R1	THOC6
HCFC1R1	MMP25
HCFC1R1	BICDL2
HCFC1R1	886669
THOC6	MMP25
THOC6	BICDL2
THOC6	886669
MMP25	BICDL2
MMP25	886669
BICDL2	886669
ZNF205	ZSCAN10
ZNF205	ZNF213-AS1
ZNF205	886670
ZSCAN10	ZNF213-AS1
ZSCAN10	886670
ZNF213-AS1	886670
HSD3B7	SETD1A
HSD3B7	STX1B
HSD3B7	886767
SETD1A	STX1B
SETD1A	886767
STX1B	886767
FUS	886768
ZNF668	886769
TRIOBP	886785
OR2C1	886836
OR2C1	886839
OR2C1	886842
OR2C1	886846
OR2C1	886853
MEFV	886855
OR2C1	886872
OR2C1	886874
OR2C1	886878
OR2C1	886882
OR2C1	886885
OR2C1	886905
OR2C1	886909
OR2C1	886916
OR2C1	886917
OR2C1	886923
OR2C1	886924
OR2C1	886933
CORO7	886958
PAM16	886958
CORO7-PAM16	886958
CORO7	886960
PAM16	886960
CORO7-PAM16	886960
CORO7	886967
PAM16	886967
CORO7-PAM16	886967
CORO7	886968
PAM16	886968
CORO7-PAM16	886968
RPS15	886989
DAZAP1	886989
RPS15	887272
DAZAP1	887272
PSME3IP1	887320
RSPRY1	887320
PSME3IP1	887322
RSPRY1	887322
BEAN1	887485
278569	887516
CMTM2	887517
EDC4	887823
CENPT	TSNAXIP1
CENPT	887824
TSNAXIP1	887824
EDC4	887825
NRN1L	887826
PSKH1	887827
SLC12A4	LCAT
SLC12A4	887828
LCAT	887828
DPEP2	887829
DUS2	DDX28
DUS2	887830
DDX28	887830
COG8	887911
NIP7	887911
TMED6	887911
MSLN	887987
MSLNL	887987
MIR662	887987
MSLN	887989
MSLNL	887989
MIR662	887989
CMIP	888245
RN7SL491P	888279
SSTR5-AS1	SSTR5
SSTR5-AS1	C1QTNF8
SSTR5-AS1	888281
SSTR5	C1QTNF8
SSTR5	888281
C1QTNF8	888281
USP10	888387
ZDHHC7	888428
KIAA0513	888429
RPS15	888430
DAZAP1	888430
GSE1	888452
RHNO1	888461
FOXM1	888461
TULP3	888461
IRF8	888463
LINC00917	888499
MXRA7	888547
COG8	888671
NIP7	888671
TMED6	888671
ADSS1	888679
GLOD4	888748
MRM3	888748
GLOD4	888749
MRM3	888749
GLOD4	888751
MRM3	888751
286635	888759
BAG6	888767
APOM	888767
GLOD4	888841
MRM3	888841
NT5M	888982
DHRS13	FLOT2
DHRS13	889511
FLOT2	889511
MIR4523	TAOK1
MIR4523	RNU4-34P
MIR4523	889642
TAOK1	RNU4-34P
TAOK1	889642
RNU4-34P	889642
CDK5R1	889796
ASIC2	889822
RPL23	LASP1
RPL23	SNORA21
RPL23	SNORA21B
RPL23	890112
LASP1	SNORA21
LASP1	SNORA21B
LASP1	890112
SNORA21	SNORA21B
SNORA21	890112
SNORA21B	890112
RPL23	890113
LASP1	890113
SNORA21	890113
SNORA21B	890113
RPL23	890116
LASP1	890116
SNORA21	890116
SNORA21B	890116
ARL5C	890129
TIMM22	890244
KRT37	890384
KRT15	890385
KRT19	890385
MIR6510	890385
KRT33B	890386
KRT31	890387
JUP	890498
PSMC3IP	890642
PLEKHH3	890655
CCR10	890655
CNTNAP1	890655
CCDC200	890681
CCDC200	890682
CCDC200	890683
CCDC200	890686
HSPB7	890847
CLCNKA	890847
MINK1	891005
MINK1	891073
MINK1	891280
MINK1	891286
MINK1	891293
C1orf127	891395
FAM117A	891446
KAT7	891446
FAM117A	891450
KAT7	891450
FAM117A	891476
KAT7	891476
FAM117A	891488
KAT7	891488
FAM117A	891500
KAT7	891500
FAM117A	891507
KAT7	891507
RNF167	SLC25A11
RNF167	891540
SLC25A11	891540
RPS15	891960
DAZAP1	891960
AIPL1	891966
TMEM100	891978
AIPL1	891985
AIPL1	891987
AIPL1	891988
AIPL1	891989
AIPL1	891990
AIPL1	891992
AIPL1	891993
AIPL1	891995
AIPL1	892000
AIPL1	892008
AIPL1	892017
USP32	C17orf64
USP32	892171
C17orf64	892171
CTTNBP2NL	892338
MIR495	892359
CTTNBP2NL	892709
TNFSF12-TNFSF13	892724
TNFSF12	892724
TNFSF12-TNFSF13	892750
TNFSF12	892750
TNFSF12-TNFSF13	892754
TNFSF12	892754
TNFSF12-TNFSF13	892898
TNFSF12	892898
TNFSF12-TNFSF13	892905
TNFSF12	892905
TNFSF12-TNFSF13	892916
TNFSF12	892916
SLC16A5	ARMC7
SLC16A5	892958
ARMC7	892958
NT5C	892959
TNFSF12-TNFSF13	892983
TNFSF12	892983
GLOD4	893068
MRM3	893068
TIMM22	893087
TIMM22	893190
TIMM22	893196
SEPTIN9	893198
SEPTIN9	893199
SEPTIN9	893200
TIMM22	893203
SEPTIN9	893205
TIMM22	893222
TIMM22	893284
DNAH17-AS1	893299
TIMM22	893343
TIMM22	893361
CBX8	893373
TIMM22	893391
TIMM22	893404
RPS15	893448
DAZAP1	893448
TIMM22	893477
RPS15	893582
DAZAP1	893582
GLOD4	893620
MRM3	893620
GLOD4	893622
MRM3	893622
GLOD4	893624
MRM3	893624
GLOD4	893627
MRM3	893627
GLOD4	893629
MRM3	893629
GLOD4	893632
MRM3	893632
TIMM22	893634
GLOD4	893635
MRM3	893635
ANKRD62	893683
LDLRAD4	893801
GATA6-AS1	GATA6
GATA6-AS1	893850
GATA6	893850
RNF152	893851
MYL12A	893958
MYOM1	893960
MAPRE2	894078
CELF4	894164
RN7SL491P	894212
243143	894241
CTTNBP2NL	894552
ATG4D	894779
ATG4D	894782
ATG4D	894799
YIPF2	SMARCA4
YIPF2	TIMM29
YIPF2	894815
SMARCA4	TIMM29
SMARCA4	894815
TIMM29	894815
TNPO2	894886
TRIR	894886
GET3	894886
TNPO2	894889
TRIR	894889
GET3	894889
TNPO2	894891
TRIR	894891
GET3	894891
TNPO2	894902
TRIR	894902
GET3	894902
RPS15	894942
DAZAP1	894942
NDUFB7	894963
NDUFB7	894964
NDUFB7	894965
NDUFB7	894966
NDUFB7	894967
CIB3	FAM32A
CIB3	894997
FAM32A	894997
BTBD2	895119
BTBD2	895137
BTBD2	895148
BTBD2	895149
BTBD2	895151
RPS15	895160
DAZAP1	895160
RN7SL491P	895200
CELF5	895250
337876	895335
RN7SL491P	895361
RN7SL491P	895365
USF2	895377
LSR	895377
RN7SL491P	895385
RN7SL491P	895398
USF2	895399
LSR	895399
USF2	895402
LSR	895402
USF2	895404
LSR	895404
RN7SL491P	895405
USF2	895407
LSR	895407
USF2	895411
LSR	895411
USF2	895418
LSR	895418
USF2	895421
LSR	895421
USF2	895425
LSR	895425
RN7SL491P	895442
RN7SL491P	895450
RN7SL491P	895452
USF2	895453
LSR	895453
RN7SL491P	895456
RN7SL491P	895459
RN7SL491P	895465
RN7SL491P	895471
USF2	895475
LSR	895475
RN7SL491P	895481
RN7SL491P	895486
POLR2I	TBCB
POLR2I	OVOL3
POLR2I	895578
TBCB	OVOL3
TBCB	895578
OVOL3	895578
POLR2I	895580
TBCB	895580
OVOL3	895580
RNU6-24P	895596
KCNK6	895635
CATSPERG	895635
KCNK6	895641
CATSPERG	895641
KCNK6	895646
CATSPERG	895646
KCNK6	895652
CATSPERG	895652
KCNK6	895659
CATSPERG	895659
RPS16	895694
SUPT5H	895694
RPS15	895703
DAZAP1	895703
PRX	895719
COQ8B	ITPKC
COQ8B	895738
ITPKC	895738
CREB3L3	SIRT6
CREB3L3	ANKRD24
CREB3L3	895837
SIRT6	ANKRD24
SIRT6	895837
ANKRD24	895837
CREB3L3	895861
SIRT6	895861
ANKRD24	895861
ZNF235	896083
BCAM	896179
BCAM	896186
BCAM	896190
BCAM	896191
BCAM	896192
BCAM	896198
CLASRP	896229
RNU6-611P	896229
CLASRP	896231
RNU6-611P	896231
CLASRP	896233
RNU6-611P	896233
RN7SL491P	896511
SIGLEC12	896570
SIGLEC27P	896570
SIGLEC12	896572
SIGLEC27P	896572
SIGLEC12	896578
SIGLEC27P	896578
RDH13	896673
GP6	896673
RDH13	896680
GP6	896680
RN7SL491P	896791
CITED4	896997
ODC1	ODC1-DT
ODC1	897053
ODC1-DT	897053
SLC9A4	897112
377402	897211
104804	897788
RN7SL491P	897875
LCT	LCT-AS1
LCT	897982
LCT-AS1	897982
386061	897994
386061	897996
386061	898002
386061	898005
386061	898014
SLC19A3	898116
MFF	MFF-DT
MFF	898120
MFF-DT	898120
ZNF24	898121
104804	898185
ACVR1C	898259
CCDC148	898268
PKP4	898268
RN7SL393P	898268
CCDC148	898280
PKP4	898280
RN7SL393P	898280
CCDC148	898282
PKP4	898282
RN7SL393P	898282
CCDC148	898284
PKP4	898284
RN7SL393P	898284
CCDC148	898285
PKP4	898285
RN7SL393P	898285
CCDC148	898290
PKP4	898290
RN7SL393P	898290
RBMS1	898321
SLC4A10	898333
TBR1	898334
398117	898525
398117	898543
398117	898545
398117	898546
398117	898551
398117	898556
398117	898561
398117	898575
398117	898602
398117	898607
398117	898626
RNU6ATAC14P	898783
LINC01117	LINC01116
LINC01117	898784
LINC01116	898784
NFE2L2	898936
TMEFF2	899201
HS1BP3	899550
GDF7	899551
NRP2	899556
PUM2	899593
RHOB	899594
SMARCAL1	899864
SMARCAL1-AS1	899864
SMARCAL1	899865
SMARCAL1-AS1	899865
SMARCAL1	899869
SMARCAL1-AS1	899869
DIRC3-AS1	IGFBP5
DIRC3-AS1	899916
IGFBP5	899916
TNS1	TNS1-AS1
TNS1	899921
TNS1-AS1	899921
LINC00608	900064
CRYBA2	900064
FEV	900064
LINC00608	900112
CRYBA2	900112
FEV	900112
GLB1L	900124
STK16	900124
GLB1L	900141
STK16	900141
GLB1L	900143
STK16	900143
GLB1L	900158
STK16	900158
GLB1L	900163
STK16	900163
OBSL1	INHA
OBSL1	900208
INHA	900208
OBSL1	900209
INHA	900209
OBSL1	900214
INHA	900214
413032	900221
413032	900222
FARSB	900262
FARSB	900266
FARSB	900269
FAM124B	900283
FAM124B	900288
FAM124B	900289
FAM124B	900290
416599	900446
SNORA75	SNORD20
SNORA75	900447
SNORD20	900447
416599	900489
COL6A3	900775
MLPH	900776
418673	900889
418673	900891
TRIOBP	900933
NELL1	900956
RN7SL491P	900994
SNORA10B	901233
SNORA10B	901234
SNORA10B	901237
218651	901372
SOS1	901420
SOS1	901423
SOS1	901431
SOS1	901432
SOS1	901435
KCNG3	MTA3
KCNG3	901500
MTA3	901500
EPAS1	901698
355954	901732
PAPOLG	901991
PAPOLG	901992
PAPOLG	901993
PAPOLG	901995
PAPOLG	901996
B3GNT2	902012
RN7SL491P	902059
DDX46	902115
SAP30L	902155
SAP30L-AS1	902155
MEIS1-AS2	MEIS1
MEIS1-AS2	902174
MEIS1	902174
TPRA1	MCM2
TPRA1	902280
MCM2	902280
CLEC4F	902303
CLEC4F	902378
CLEC4F	902412
CLEC4F	902413
CLEC4F	902424
ZRANB2-DT	902583
TCF7L1	902838
KCMF1	902842
TCF7L1	902845
TCF7L1	902846
TCF7L1	902848
TCF7L1	902849
TCF7L1	902850
TMEM150A	USP39
TMEM150A	902873
USP39	902873
PARTICL	MAT2A
PARTICL	902874
MAT2A	902874
GGCX	VAMP8
GGCX	902875
VAMP8	902875
RNU1-38P	903039
367749	903040
ATOH8	903041
ST3GAL5	ST3GAL5-AS1
ST3GAL5	903042
ST3GAL5-AS1	903042
367749	903043
ST3GAL5	903044
ST3GAL5-AS1	903044
368449	903185
SOX1-OT	903196
SOX1	903196
185462	903599
RRBP1	903730
424810	903750
424810	903752
424810	903754
424810	903755
424810	903756
424810	903758
424810	903759
424810	903761
424810	903762
424810	903763
424810	903764
424810	903765
424810	903766
424810	903767
424810	903768
424810	903769
424810	903770
424810	903771
424810	903772
NINL	903993
NINL	903994
GNRH2	904017
MRPS26	904017
SLC4A11	904022
ITPA	904022
SLC4A11	904167
ITPA	904167
SLC4A11	904179
ITPA	904179
SLC4A11	904181
ITPA	904181
SLC4A11	904192
ITPA	904192
SLC4A11	904194
ITPA	904194
SLC4A11	904364
ITPA	904364
SRC	904433
GHRH	904445
RNU2-52P	904620
TOP1	904621
RNU6ATAC38P	904743
WFDC2	904744
431123	904745
SYS1	SYS1-DBNDD2
SYS1	904759
SYS1-DBNDD2	904759
POLA2	904760
EPPIN	HSPD1P21
EPPIN	EPPIN-WFDC6
EPPIN	WFDC6
EPPIN	904769
HSPD1P21	EPPIN-WFDC6
HSPD1P21	WFDC6
HSPD1P21	904769
EPPIN-WFDC6	WFDC6
EPPIN-WFDC6	904769
WFDC6	904769
SLC13A3	904881
SLC13A3	904883
SLC13A3	904884
TMEM230	904953
SMPDL3B	905019
DDX27	905024
DDX27	905025
DDX27	905038
DDX27	905039
433031	905233
MTG2	905596
LAMA5	905597
MIR3195	TAF4
MIR3195	905630
TAF4	905630
SS18L1	PSMA7
SS18L1	905631
PSMA7	905631
MTG2	905633
HRH3	905634
SS18L1	905635
PSMA7	905635
RPS21	905636
GATA5	905670
EVA1C	906162
EVA1C	906164
EVA1C	906166
EVA1C	906168
EVA1C	906169
EVA1C	906172
EVA1C	906175
EVA1C	906177
EVA1C	906178
EVA1C	906182
EVA1C	906184
CRYZL1	906250
ITSN1	906250
MORC3	906287
MORC3	906288
MORC3	906294
MORC3	906295
MORC3	906298
AGPAT3	906631
C1orf127	906650
IGLV3-10	906998
449929	907098
HPS4	907145
SRRD	907145
HPS4	907146
SRRD	907146
HPS4	907149
SRRD	907149
HPS4	907151
SRRD	907151
HPS4	907153
SRRD	907153
HPS4	907155
SRRD	907155
RN7SL491P	907167
CABP7-DT	CABP7
CABP7-DT	907208
CABP7	907208
RPS15	907211
DAZAP1	907211
HMOX1	907435
MCM5	907435
RN7SL491P	907497
CDC42EP1	907692
CDC42EP1	907697
CDC42EP1	907699
CDC42EP1	907700
TRIOBP	907706
ANKRD54	907708
MIR658	907708
GALR3	907708
TRIOBP	907710
ANKRD54	907717
MIR658	907717
GALR3	907717
ANKRD54	907720
MIR658	907720
GALR3	907720
ANKRD54	907722
MIR658	907722
GALR3	907722
TRIOBP	907723
ANKRD54	907725
MIR658	907725
GALR3	907725
ANKRD54	907728
MIR658	907728
GALR3	907728
RNU6-900P	907730
ANKRD54	907731
MIR658	907731
GALR3	907731
GCAT	H1-0
GCAT	907732
H1-0	907732
GTPBP1	907758
SUN2	907759
FAM83F	907788
FAM83F	907791
FAM83F	907792
FAM83F	907793
FAM83F	907795
FAM83F	907797
FAM83F	907798
FAM83F	907799
FAM83F	907800
BIK	907960
BIK	907996
MIRLET7A3	MIRLET7B
MIRLET7A3	MIR4763
MIRLET7A3	908078
MIRLET7B	MIR4763
MIRLET7B	908078
MIR4763	908078
AP2M1	908100
CHKB-DT	CHKB
CHKB-DT	CHKB-CPT1B
CHKB-DT	908156
CHKB	CHKB-CPT1B
CHKB	908156
CHKB-CPT1B	908156
CHKB-DT	908157
CHKB	908157
CHKB-CPT1B	908157
CHKB-DT	908159
CHKB	908159
CHKB-CPT1B	908159
VHL	908209
IRAK2	908223
ARPC4	TADA3
ARPC4	ARPC4-TTLL3
ARPC4	908250
TADA3	ARPC4-TTLL3
TADA3	908250
ARPC4-TTLL3	908250
146817	908259
HJV	908664
CFAP91	908665
ARHGAP31-AS1	908666
GP9	908979
ISY1	ISY1-RAB43
ISY1	908980
ISY1-RAB43	908980
CNBP	908995
CDV3	909165
CDV3	909176
CDV3	909180
CDV3	909206
CRTAC1	909270
WNT7A	909275
WNT7A	909277
WNT7A	909281
WNT7A	909283
WNT7A	909332
WNT7A	909345
WNT7A	909351
WNT7A	909353
WNT7A	909359
WNT7A	909360
WNT7A	909385
WNT7A	909412
XPC	LSM3
XPC	909634
LSM3	909634
TRIOBP	909822
METTL6	909893
EAF1	909893
METTL6	909896
EAF1	909896
METTL6	909916
EAF1	909916
METTL6	909954
EAF1	909954
METTL6	909959
EAF1	909959
METTL6	909969
EAF1	909969
OXNAD1	910121
B3GNT5	910442
RNA5SP151	910442
B3GNT5	910464
RNA5SP151	910464
B3GNT5	910466
RNA5SP151	910466
B3GNT5	910468
RNA5SP151	910468
B3GNT5	910469
RNA5SP151	910469
B3GNT5	910470
RNA5SP151	910470
B3GNT5	910472
RNA5SP151	910472
B3GNT5	910473
RNA5SP151	910473
B3GNT5	910474
RNA5SP151	910474
B3GNT5	910475
RNA5SP151	910475
B3GNT5	910476
RNA5SP151	910476
B3GNT5	910477
RNA5SP151	910477
B3GNT5	910478
RNA5SP151	910478
B3GNT5	910482
RNA5SP151	910482
B3GNT5	910483
RNA5SP151	910483
B3GNT5	910485
RNA5SP151	910485
B3GNT5	910488
RNA5SP151	910488
RHNO1	910773
FOXM1	910773
TULP3	910773
HRG-AS1	910803
SST	910883
RPL14	ENTPD3-AS1
RPL14	910901
ENTPD3-AS1	910901
TPRG1	910902
RN7SL491P	910979
LINC02924	911068
PCYT1A	911245
PCYT1A	911246
NCBP2	NCBP2-AS1
NCBP2	911277
NCBP2-AS1	911277
LINC01063	911278
516607	911279
NCBP2	NCBP2AS2
NCBP2	911280
NCBP2AS2	911280
RN7SL491P	911476
104804	911486
UBP1	911517
RNU6-1227P	SCN11A
RNU6-1227P	911632
SCN11A	911632
CSRNP1	911674
CSRNP1	911680
CSRNP1	911683
CSRNP1	911689
CSRNP1	911699
CSRNP1	911704
CSRNP1	911707
CSRNP1	911709
CSRNP1	911710
CSRNP1	911740
CSRNP1	911742
CSRNP1	911745
CSRNP1	911749
SEC22C	SS18L2
SEC22C	911852
SS18L2	911852
PRSS46P	PRSS45P
PRSS46P	TMIE
PRSS46P	PRSS50
PRSS46P	912086
PRSS45P	TMIE
PRSS45P	PRSS50
PRSS45P	912086
TMIE	PRSS50
TMIE	912086
PRSS50	912086
KIF9-AS1	SETD2
KIF9-AS1	912087
SETD2	912087
NBEAL2	CCDC12
NBEAL2	912088
CCDC12	912088
PTPN23	PTPN23-DT
PTPN23	912089
PTPN23-DT	912089
EGOT	912146
DAG1	RNA5SP130
DAG1	912261
RNA5SP130	912261
DAG1	912270
RNA5SP130	912270
DAG1	912275
RNA5SP130	912275
DAG1	912276
RNA5SP130	912276
ZMYND10	RASSF1
ZMYND10	ZMYND10-AS1
ZMYND10	NPRL2
ZMYND10	912433
RASSF1	ZMYND10-AS1
RASSF1	NPRL2
RASSF1	912433
ZMYND10-AS1	NPRL2
ZMYND10-AS1	912433
NPRL2	912433
NPRL2	912434
NPRL2	CYB561D2
NPRL2	912435
CYB561D2	912435
TMEM115	912436
PTPRG-AS1	FEZF2
PTPRG-AS1	912915
FEZF2	912915
PTPRG-AS1	912916
FEZF2	912916
PTPRG-AS1	912917
FEZF2	912917
PTPRG-AS1	912918
FEZF2	912918
ATXN7	THOC7-AS1
ATXN7	THOC7
ATXN7	912948
THOC7-AS1	THOC7
THOC7-AS1	912948
THOC7	912948
WNT7A	913016
HTR2A	913029
104804	913111
482176	913144
CGGBP1	C3orf38
CGGBP1	913145
C3orf38	913145
RN7SL491P	913436
RNU6-66P	913561
RNPS1P1	MIR572
RNPS1P1	913614
MIR572	913614
MIR302A	913866
LARP7	MIR302CHG
LARP7	MIR302C
LARP7	MIR302B
LARP7	913867
MIR302CHG	MIR302C
MIR302CHG	MIR302B
MIR302CHG	913867
MIR302C	MIR302B
MIR302C	913867
MIR302B	913867
351402	913932
JADE1	914082
104804	914140
CTTNBP2NL	914366
MND1	914475
142067	914661
SNORA75B	914737
SNORA75B	914745
HPGD	914868
DCAF16	NCAPG
DCAF16	914883
NCAPG	914883
STOX2	914997
574116	915020
PRIMPOL	CASP3
PRIMPOL	915021
CASP3	915021
SORBS2	915038
RN7SL491P	915125
MFSD10	915204
NOP14-AS1	915204
MFSD10	915228
NOP14-AS1	915228
MFSD10	915231
NOP14-AS1	915231
TNIP2	915234
MFSD10	915235
NOP14-AS1	915235
ADD1	915236
MFSD10	915237
NOP14-AS1	915237
TNIP2	915260
LRPAP1	915287
LRPAP1	915288
PGM2	915304
PHOX2B-AS1	PHOX2B
PHOX2B-AS1	915469
PHOX2B	915469
529100	915470
TRIOBP	915554
MSX1	915556
USP13	915766
AFAP1	916200
AFAP1	916201
AFAP1	916233
RPS15	916234
DAZAP1	916234
PAQR3	LINC01088
PAQR3	916239
LINC01088	916239
BMP3	916245
ABLIM2	916262
SLC10A6	916371
SLC10A6	916374
RNU6-1298P	916469
RNU6-1298P	916470
RNU6-1298P	916474
RNU6-1298P	916479
RNU6-1298P	916481
RNU6-1298P	916482
RNU6-1298P	916488
RN7SL491P	916509
PDHA2	916539
ALKAL2	916627
ANXA2R-AS1	916662
ANXA2R	916662
611023	916813
RPS15	916839
DAZAP1	916839
FEM1C	916903
TMED7	916904
PHAX	TEX43
PHAX	917035
TEX43	917035
PHAX	917037
TEX43	917037
PHAX	917039
TEX43	917039
PHAX	917043
TEX43	917043
PHAX	917058
TEX43	917058
ACSL6-AS1	917126
AJUBA	917164
AJUBA-DT	917164
AFF4	AFF4-DT
AFF4	917231
AFF4-DT	917231
USF2	917531
LSR	917531
CXXC5	917606
HBEGF	917649
ANKHD1	ANKHD1-EIF4EBP3
ANKHD1	917668
ANKHD1-EIF4EBP3	917668
EIF4EBP3	SRA1
EIF4EBP3	917674
SRA1	917674
ANKHD1	917678
ANKHD1-EIF4EBP3	917678
ANKHD1	917679
ANKHD1-EIF4EBP3	917679
ANKHD1	917685
ANKHD1-EIF4EBP3	917685
ANKHD1	917688
ANKHD1-EIF4EBP3	917688
PCDHB2	917792
PCDHB1-AS1	917792
PCDHB3	917792
PCDHB2	917794
PCDHB1-AS1	917794
PCDHB3	917794
PCDHB2	918123
PCDHB1-AS1	918123
PCDHB3	918123
62922	918359
G3BP1	RPLP1P6
G3BP1	ATOX1
G3BP1	918633
RPLP1P6	ATOX1
RPLP1P6	918633
ATOX1	918633
G3BP1	918638
RPLP1P6	918638
ATOX1	918638
G3BP1	918639
RPLP1P6	918639
ATOX1	918639
G3BP1	918642
RPLP1P6	918642
ATOX1	918642
G3BP1	918643
RPLP1P6	918643
ATOX1	918643
G3BP1	918644
RPLP1P6	918644
ATOX1	918644
104804	918648
SAP30L	918655
SAP30L-AS1	918655
SAP30L	918656
SAP30L-AS1	918656
SAP30L	918659
SAP30L-AS1	918659
MFAP3	918669
FAM114A2	918669
623462	918670
SAP30L	918680
SAP30L-AS1	918680
TRIOBP	918715
580216	918814
TENM2-AS1	918947
TENM2-AS1	918948
629177	919174
629177	919175
629177	919184
629177	919188
629177	919190
ATP6V0E1	919205
629954	919274
DRD1	919275
SCGB3A1	FLT4
SCGB3A1	919637
FLT4	919637
146817	919699
ATP11AUN	919704
500703	919718
ADAMTS12	919793
587610	919927
FYB1	919961
ANXA2R-AS1	920014
ANXA2R	920014
ANXA2R-AS1	920017
ANXA2R	920017
ANXA2R-AS1	920018
ANXA2R	920018
ANXA2R-AS1	920019
ANXA2R	920019
592450	920122
SNX18	920131
RPS15	921013
DAZAP1	921013
605475	921125
605475	921140
605475	921143
605475	921149
605475	921150
605475	921156
605475	921159
605475	921163
605475	921168
605475	921171
605475	921173
605475	921174
RNU1-73P	921178
RNU1-73P	921183
RNU1-73P	921187
RNU1-73P	921235
SEC63	921373
CCN6	921532
NEDD9	921555
SYCP2L	921620
GCM2	921620
KRT18P22	CALHM6
KRT18P22	CALHM6-AS1
KRT18P22	921699
CALHM6	CALHM6-AS1
CALHM6	921699
CALHM6-AS1	921699
TRAPPC3L	921700
CALHM4	921701
KPNA5	921702
666369	921703
TRAPPC3L	921752
666369	921753
104804	921908
CA14	921919
SNORD101	922134
SNORD100	922134
SLC18B1	922134
SNORA33	922134
RPS12	922134
SNORD101	922136
SNORD100	922136
SLC18B1	922136
SNORA33	922136
RPS12	922136
SNORD101	922163
SNORD100	922163
SLC18B1	922163
SNORA33	922163
RPS12	922163
SNORD101	922177
SNORD100	922177
SLC18B1	922177
SNORA33	922177
RPS12	922177
SNORD101	922179
SNORD100	922179
SLC18B1	922179
SNORA33	922179
RPS12	922179
SNORD101	922180
SNORD100	922180
SLC18B1	922180
SNORA33	922180
RPS12	922180
HEPACAM	922188
RN7SL491P	922360
MLNR	922674
DYNLT1	SYTL3
DYNLT1	922816
SYTL3	922816
MAS1	922922
MAS1	922935
ATXN1	ATXN1-AS1
ATXN1	922961
ATXN1-AS1	922961
LINC01558	923086
RIPOR2	923311
DDR1	DDR1-DT
DDR1	924159
DDR1-DT	924159
VARS2	924249
GTF2H4	924249
DDR1	924249
VARS2	924253
GTF2H4	924253
DDR1	924253
VARS2	924267
GTF2H4	924267
DDR1	924267
VARS2	924268
GTF2H4	924268
DDR1	924268
VARS2	924274
GTF2H4	924274
DDR1	924274
VARS2	924278
GTF2H4	924278
DDR1	924278
CRAT	924281
BAG6	924290
APOM	924290
DDX39B	924293
DDX39B-AS1	924293
DDX39B	924295
DDX39B-AS1	924295
DDX39B	924296
DDX39B-AS1	924296
BAG6	924297
APOM	924297
BAG6	924298
APOM	924298
BAG6	924303
APOM	924303
DDX39B	924310
DDX39B-AS1	924310
VARS1	VWA7
VARS1	924311
VWA7	924311
VARS1	924312
SNORD52	924313
SNHG32	924313
SNORD48	924314
SNHG32	924314
HSPA1B	924314
DDX39B	924315
DDX39B-AS1	924315
DDX39B	924318
DDX39B-AS1	924318
DDX39B	924325
DDX39B-AS1	924325
DDX39B	924326
DDX39B-AS1	924326
DDX39B	924341
DDX39B-AS1	924341
DDX39B	924349
DDX39B-AS1	924349
DDX39B	924357
DDX39B-AS1	924357
DDX39B	924363
DDX39B-AS1	924363
BAG6	924364
APOM	924364
DDX39B	924369
DDX39B-AS1	924369
DDX39B	924370
DDX39B-AS1	924370
DDX39B	924375
DDX39B-AS1	924375
BAG6	924379
APOM	924379
DDX39B	924380
DDX39B-AS1	924380
DDX39B	924386
DDX39B-AS1	924386
BAG6	924390
APOM	924390
DDX39B	924393
DDX39B-AS1	924393
DDX39B	924395
DDX39B-AS1	924395
BAG6	924396
APOM	924396
PRRT1	PPT2
PRRT1	PPT2-EGFL8
PRRT1	FKBPL
PRRT1	EGFL8
PRRT1	AGPAT1
PRRT1	MIR6721
PRRT1	924397
PPT2	PPT2-EGFL8
PPT2	FKBPL
PPT2	EGFL8
PPT2	AGPAT1
PPT2	MIR6721
PPT2	924397
PPT2-EGFL8	FKBPL
PPT2-EGFL8	EGFL8
PPT2-EGFL8	AGPAT1
PPT2-EGFL8	MIR6721
PPT2-EGFL8	924397
FKBPL	EGFL8
FKBPL	AGPAT1
FKBPL	MIR6721
FKBPL	924397
EGFL8	AGPAT1
EGFL8	MIR6721
EGFL8	924397
AGPAT1	MIR6721
AGPAT1	924397
MIR6721	924397
TNXB	924455
HLA-DRA	924470
BRD2	924471
ZBTB22	TAPBP
ZBTB22	924476
TAPBP	924476
HLA-DMB	924477
TAP2	924497
HLA-DPB1	924503
HLA-DPA1	924503
RPL32P1	924503
HLA-DPB1	924504
HLA-DPA1	924504
RPL32P1	924504
HLA-DPB1	924508
HLA-DPA1	924508
RPL32P1	924508
RPS18	924509
VPS52	924509
RPS18	924510
VPS52	924510
HLA-DPB1	924515
HLA-DPA1	924515
RPL32P1	924515
RPS18	924531
VPS52	924531
MAPK13	924673
ARMC12	FKBP5
ARMC12	924674
FKBP5	924674
MAN2C1	924694
MAPK13	924707
MAPK13	924708
MAPK13	924710
MAPK13	924711
POLR1C	YIPF3
POLR1C	LRRC73
POLR1C	925095
YIPF3	LRRC73
YIPF3	925095
LRRC73	925095
179447	925159
TMOD1	925300
646029	925316
PKHD1	925319
CD2AP	CD2AP-DT
CD2AP	925452
CD2AP-DT	925452
KRT10	926046
KRT10-AS1	926046
TBX18	926057
351402	926072
EPHA7	926298
646029	926350
RN7SL491P	926457
GPER1	926690
C7orf50	926691
GLB1L	926693
STK16	926693
104804	926733
716899	926808
MKLN1-AS	927097
MKLN1	927097
MKLN1-AS	927098
MKLN1	927098
MKLN1-AS	927099
MKLN1	927099
MKLN1-AS	927100
MKLN1	927100
MKLN1-AS	927101
MKLN1	927101
MKLN1-AS	927102
MKLN1	927102
MKLN1-AS	927103
MKLN1	927103
MKLN1-AS	927104
MKLN1	927104
MKLN1-AS	927105
MKLN1	927105
MKLN1-AS	927107
MKLN1	927107
MKLN1-AS	927108
MKLN1	927108
MKLN1-AS	927110
MKLN1	927110
MKLN1-AS	927112
MKLN1	927112
MKLN1-AS	927113
MKLN1	927113
RNU6-1010P	927153
MKLN1-AS	927155
MKLN1	927155
CTTNBP2NL	927226
RNU6-1154P	927259
RNU6-1154P	927260
RNU6-1154P	927262
RNU6-1154P	927265
SMPDL3B	927304
683332	927327
UNCX	927328
KDM7A-DT	KDM7A
KDM7A-DT	927334
KDM7A	927334
683332	927423
726918	927519
GIMAP8	927543
SMARCD3	927591
INSIG1	INSIG1-DT
INSIG1	927693
INSIG1-DT	927693
RN7SL491P	927744
HOXA11-AS	928019
HOXA11	928019
HOTTIP	928020
HOXA13	928020
HOTTIP	928022
HOXA13	928022
HOTTIP	928023
HOXA13	928023
HOXA11-AS	928025
HOXA11	928025
HOTTIP	928028
HOXA13	928028
HOTTIP	928033
HOXA13	928033
HOXA11-AS	928037
HOXA11	928037
HOTTIP	928039
HOXA13	928039
HOXA11-AS	928042
HOXA11	928042
HOTTIP	928043
HOXA13	928043
HOTTIP	928050
HOXA13	928050
HOTTIP	928054
HOXA13	928054
HOXA11-AS	928056
HOXA11	928056
HOXA11-AS	928061
HOXA11	928061
HOTTIP	928062
HOXA13	928062
HOTTIP	928063
HOXA13	928063
HOTTIP	928068
HOXA13	928068
HOXA11-AS	928081
HOXA11	928081
HOXA11-AS	928132
HOXA11	928132
HOTTIP	928134
HOXA13	928134
SNX10-AS1	928243
690790	928244
690790	928252
HNRNPA2B1	CBX3
HNRNPA2B1	928253
CBX3	928253
SNX10-AS1	928254
HOTTIP	928261
HOXA13	928261
HOTTIP	928263
HOXA13	928263
HOTTIP	928264
HOXA13	928264
HOTTIP	928267
HOXA13	928267
HOTTIP	928270
HOXA13	928270
HOTTIP	928271
HOXA13	928271
HOTTIP	928275
HOXA13	928275
HOXA11-AS	928276
HOXA11	928276
HOTTIP	928277
HOXA13	928277
HOTTIP	928279
HOXA13	928279
HOTTIP	928280
HOXA13	928280
HOTTIP	928281
HOXA13	928281
HOXA11-AS	928282
HOXA11	928282
HOTTIP	928283
HOXA13	928283
HOTTIP	928284
HOXA13	928284
HOXA11-AS	928285
HOXA11	928285
HOTTIP	928286
HOXA13	928286
HOTTIP	928287
HOXA13	928287
HOTTIP	928289
HOXA13	928289
HOTTIP	928291
HOXA13	928291
HOTTIP	928292
HOXA13	928292
HOTTIP	928294
HOXA13	928294
HOTTIP	928295
HOXA13	928295
HOTTIP	928297
HOXA13	928297
HOTTIP	928298
HOXA13	928298
HOTTIP	928301
HOXA13	928301
HOXA11-AS	928302
HOXA11	928302
HOTTIP	928303
HOXA13	928303
HOTTIP	928306
HOXA13	928306
HOTTIP	928307
HOXA13	928307
HOXA11-AS	928309
HOXA11	928309
HOTTIP	928310
HOXA13	928310
HOTTIP	928311
HOXA13	928311
HOTTIP	928315
HOXA13	928315
HOTTIP	928316
HOXA13	928316
HOTTIP	928317
HOXA13	928317
HOTTIP	928318
HOXA13	928318
HOTTIP	928319
HOXA13	928319
HOTTIP	928323
HOXA13	928323
HOTTIP	928324
HOXA13	928324
HOXA11-AS	928326
HOXA11	928326
HOXA11-AS	928327
HOXA11	928327
HOTTIP	928328
HOXA13	928328
HOTTIP	928330
HOXA13	928330
HOTTIP	928331
HOXA13	928331
HOTTIP	928332
HOXA13	928332
HOXA11-AS	928335
HOXA11	928335
HOTTIP	928336
HOXA13	928336
HOTTIP	928337
HOXA13	928337
HOTTIP	928338
HOXA13	928338
HOTTIP	928339
HOXA13	928339
HOTTIP	928341
HOXA13	928341
HOTTIP	928342
HOXA13	928342
CHN2	CPVL
CHN2	928354
CPVL	928354
CHN2	928366
CPVL	928366
CHN2	928368
CPVL	928368
CHN2	928371
CPVL	928371
CHN2	928378
CPVL	928378
CHN2	928379
CPVL	928379
PLEKHA8	928391
FKBP14	928391
PLEKHA8	928394
FKBP14	928394
IGFBP3	928762
AXL	928826
SEC61G	SEC61G-DT
SEC61G	929006
SEC61G-DT	929006
SEC61G	929007
ACTB	929010
CYTH3	929166
STYXL1	MDH2
STYXL1	929382
MDH2	929382
GATAD1	TMBIM7P
GATAD1	929717
TMBIM7P	929717
CDK6	CDK6-AS1
CDK6	929746
CDK6-AS1	929746
GPER1	929826
TRIM4	929973
ZKSCAN1	929974
ZSCAN21	929975
PINX1	PINX1-DT
PINX1	930295
PINX1-DT	930295
DEPTOR-AS1	DEPTOR
DEPTOR-AS1	930571
DEPTOR	930571
DSCC1	930572
DEPTOR-AS1	930588
DEPTOR	930588
SQLE	SQLE-DT
SQLE	930726
SQLE-DT	930726
MTSS1	930755
ZNF572	930756
SQLE	930757
SQLE-DT	930757
ARC	931141
ARC	931142
GPIHBP1	931158
BOP1	HSF1
BOP1	931205
HSF1	931205
MIR6850	RPL8
MIR6850	ZNF517
MIR6850	931219
RPL8	ZNF517
RPL8	931219
ZNF517	931219
CLN8	931255
CLN8-AS1	931255
CLN8	931276
CLN8-AS1	931276
CLN8	931283
CLN8-AS1	931283
CLN8	931328
CLN8-AS1	931328
LPL	931333
FAM117A	931483
KAT7	931483
TNFRSF10A	TNFRSF10A-DT
TNFRSF10A	931549
TNFRSF10A-DT	931549
TNFRSF10A-DT	931550
735906	931565
736987	931638
PTPRG-AS1	931733
FEZF2	931733
RN7SL491P	931884
ERLIN2	931923
RNU7-107P	932377
SPIDR	932381
CEBPD	932381
SPIDR	932382
CEBPD	932382
SPIDR	932383
CEBPD	932383
SPIDR	932384
CEBPD	932384
SPIDR	932387
CEBPD	932387
SPIDR	932389
CEBPD	932389
SPIDR	932390
CEBPD	932390
SPIDR	932392
CEBPD	932392
SPIDR	932393
CEBPD	932393
SPIDR	932394
CEBPD	932394
SPIDR	932395
CEBPD	932395
SPIDR	932397
CEBPD	932397
SPIDR	932402
CEBPD	932402
CSMD1	932453
104429	932610
TAF1L	932719
NCOA2	932971
NCOA2	932973
NCOA2	932977
NCOA2	932982
NCOA2	932983
NCOA2	932986
NCOA2	932988
NCOA2	932992
NCOA2	932994
NCOA2	932995
NCOA2	932996
NCOA2	932997
NCOA2	932998
NCOA2	932999
NCOA2	933000
NCOA2	933001
NCOA2	933002
NCOA2	933003
NCOA2	933005
NCOA2	933006
NCOA2	933007
NCOA2	933008
NCOA2	933015
NCOA2	933017
ZBTB10	933187
RIPK2-DT	RIPK2
RIPK2-DT	933355
RIPK2	933355
DECR1	NBN
DECR1	933356
NBN	933356
OSGIN2	RNU6-925P
OSGIN2	933357
RNU6-925P	933357
RPL30	RPL30-AS1
RPL30	SNORA72
RPL30	933594
RPL30-AS1	SNORA72
RPL30-AS1	933594
SNORA72	933594
104804	933673
DMRT2	LINC01230
DMRT2	933745
LINC01230	933745
RNU6-1160P	934182
PRMT1	CPT1C
PRMT1	MIR5088
PRMT1	ADM5
PRMT1	934378
CPT1C	MIR5088
CPT1C	ADM5
CPT1C	934378
MIR5088	ADM5
MIR5088	934378
ADM5	934378
FPGS	934430
CRAT	934525
ASS1	934632
FAM78A	934666
PLPP7	934667
RPS15	934802
DAZAP1	934802
RPS15	934896
DAZAP1	934896
MTAP	935128
DOCK8	935165
CDKN2B	935193
DOCK8	935219
IFNK	935316
DOCK8	935334
DOCK8	935348
PDCD1LG2	935921
PDCD1LG2	935933
773385	935953
DMRT1	935954
APOA1-AS	936138
APOC3	936138
APOA4	936138
DMRT2	936333
LINC01230	936333
DMRT3	936352
FOXD2-AS1	936582
DMRT3	936591
DMRT2	936610
LINC01230	936610
NMT2	936843
RN7SL491P	936902
104804	937398
RPS15	937423
DAZAP1	937423
104804	937466
RN7SL491P	937761
